date,weekday,sunrise,sunset,moonrise,moonset,tithi,nakshatra,yoga,karana,paksha,lunar_month,tulu_month,tulu_day,sankramana,samvatsara,shaka,rahu_kaala,yamaganda,gulika,abhijit
2026-01-01,Thursday,06:52,18:15,16:04,05:34 (+1),S-Trayodashi till 22:22; S-Chaturdashi (past next sunrise),Rohini till 22:48; Mrigashira (past next sunrise),Shubha till 17:12; Shukla (past next sunrise),Kaulava till 12:06; Taitila till 22:22; Garaja (past next sunrise),Shukla Paksha,Pushya,Perarde,17,,Vishvavasu,1947,13:59-15:24,06:52-08:17,09:43-11:08,12:11-12:56
2026-01-02,Friday,06:52,18:16,17:10,06:40 (+1),S-Chaturdashi till 18:54; S-Purnima (past next sunrise),Mrigashira till 20:04; Ardra (past next sunrise),Shukla till 13:07; Brahma (past next sunrise),Garaja till 08:38; Vanija till 18:54; Vishti till 05:11 (+1); Bava (past next sunrise),Shukla Paksha,Pushya,Perarde,18,,Vishvavasu,1947,11:09-12:34,15:25-16:50,08:18-09:43,12:11-12:57
2026-01-03,Saturday,06:53,18:16,18:18,,S-Purnima till 15:32; K-Pratipada (past next sunrise),Ardra till 17:28; Punarvasu (past next sunrise),Brahma till 09:05; Indra till 05:16 (+1); Vaidhriti (past next sunrise),Bava till 15:32; Balava till 01:58 (+1); Kaulava (past next sunrise),Shukla Paksha,Pushya,Perarde,19,,Vishvavasu,1947,09:44-11:09,14:00-15:25,06:53-08:18,12:12-12:57
2026-01-04,Sunday,06:53,18:17,19:24,07:41,K-Pratipada till 12:30; K-Dwitiya (past next sunrise),Punarvasu till 15:11; Pushya (past next sunrise),Vaidhriti till 01:47 (+1); Vishkambha (past next sunrise),Kaulava till 12:30; Taitila till 23:09; Garaja (past next sunrise),Krishna Paksha,Pushya,Perarde,20,,Vishvavasu,1947,16:51-18:17,12:35-14:00,15:26-16:51,12:12-12:58
2026-01-05,Monday,06:53,18:17,20:25,08:35,K-Dwitiya till 09:57; K-Tritiya (past next sunrise),Pushya till 13:25; Ashlesha (past next sunrise),Vishkambha till 22:47; Priti (past next sunrise),Garaja till 09:57; Vanija till 20:54; Vishti (past next sunrise),Krishna Paksha,Pushya,Perarde,21,,Vishvavasu,1947,08:19-09:44,11:10-12:35,14:01-15:26,12:13-12:58
2026-01-06,Tuesday,06:54,18:18,21:21,09:23,K-Tritiya till 08:02; K-Chaturthi till 06:53 (+1); K-Panchami (past next sunrise),Ashlesha till 12:17; Magha (past next sunrise),Priti till 20:21; Ayushman (past next sunrise),Vishti till 08:02; Bava till 19:21; Balava till 06:53 (+1); Kaulava (past next sunrise),Krishna Paksha,Pushya,Perarde,22,,Vishvavasu,1947,15:27-16:52,09:45-11:10,12:36-14:01,12:13-12:59
2026-01-07,Wednesday,06:54,18:18,22:13,10:05,K-Panchami till 06:34 (+1); K-Shashthi (past next sunrise),Magha till 11:56; Purva Phalguni (past next sunrise),Ayushman till 18:33; Saubhagya (past next sunrise),Kaulava till 18:37; Taitila till 06:34 (+1); Garaja (past next sunrise),Krishna Paksha,Pushya,Perarde,23,,Vishvavasu,1947,12:36-14:02,08:20-09:45,11:11-12:36,12:13-12:59
2026-01-08,Thursday,06:54,18:19,23:02,10:43,K-Shashthi (past next sunrise),Purva Phalguni till 12:24; Uttara Phalguni (past next sunrise),Saubhagya till 17:25; Shobhana (past next sunrise),Garaja till 18:43; Vanija (past next sunrise),Krishna Paksha,Pushya,Perarde,24,,Vishvavasu,1947,14:02-15:28,06:54-08:20,09:46-11:11,12:14-13:00
2026-01-09,Friday,06:55,18:20,23:50,11:20,K-Shashthi till 07:06; K-Saptami (past next sunrise),Uttara Phalguni till 13:41; Hasta (past next sunrise),Shobhana till 16:55; Atiganda (past next sunrise),Vanija till 07:06; Vishti till 19:39; Bava (past next sunrise),Krishna Paksha,Pushya,Perarde,25,,Vishvavasu,1947,11:12-12:37,15:28-16:54,08:20-09:46,12:14-13:00
2026-01-10,Saturday,06:55,18:20,00:37 (+1),11:55,K-Saptami till 08:24; K-Ashtami (past next sunrise),Hasta till 15:40; Chitra (past next sunrise),Atiganda till 16:58; Sukarma (past next sunrise),Bava till 08:24; Balava till 21:18; Kaulava (past next sunrise),Krishna Paksha,Pushya,Perarde,26,,Vishvavasu,1947,09:46-11:12,14:03-15:29,06:55-08:21,12:15-13:00
2026-01-11,Sunday,06:55,18:21,01:24 (+1),12:32,K-Ashtami till 10:20; K-Navami (past next sunrise),Chitra till 18:12; Swati (past next sunrise),Sukarma till 17:27; Dhriti (past next sunrise),Kaulava till 10:20; Taitila till 23:29; Garaja (past next sunrise),Krishna Paksha,Pushya,Perarde,27,,Vishvavasu,1947,16:55-18:21,12:38-14:04,15:29-16:55,12:15-13:01
2026-01-12,Monday,06:55,18:21,02:13 (+1),13:10,K-Navami till 12:43; K-Dashami (past next sunrise),Swati till 21:05; Vishakha (past next sunrise),Dhriti till 18:12; Shula (past next sunrise),Garaja till 12:43; Vanija till 02:00 (+1); Vishti (past next sunrise),Krishna Paksha,Pushya,Perarde,28,,Vishvavasu,1947,08:21-09:47,11:13-12:38,14:04-15:30,12:15-13:01
2026-01-13,Tuesday,06:56,18:22,03:04 (+1),13:51,K-Dashami till 15:18; K-Ekadashi (past next sunrise),Vishakha till 00:06 (+1); Anuradha (past next sunrise),Shula till 19:04; Ganda (past next sunrise),Vishti till 15:18; Bava till 04:36 (+1); Balava (past next sunrise),Krishna Paksha,Pushya,Perarde,29,,Vishvavasu,1947,15:30-16:56,09:47-11:13,12:39-14:04,12:16-13:02
2026-01-14,Wednesday,06:56,18:22,03:56 (+1),14:35,K-Ekadashi till 17:53; K-Dwadashi (past next sunrise),Anuradha till 03:03 (+1); Jyeshtha (past next sunrise),Ganda till 19:55; Vriddhi (past next sunrise),Balava till 17:53; Kaulava (past next sunrise),Krishna Paksha,Pushya,Puyintel,1,Makara 15:07,Vishvavasu,1947,12:39-14:05,08:22-09:47,11:13-12:39,12:16-13:02
2026-01-15,Thursday,06:56,18:23,04:49 (+1),15:24,K-Dwadashi till 20:16; K-Trayodashi (past next sunrise),Jyeshtha till 05:47 (+1); Mula (past next sunrise),Vriddhi till 20:38; Dhruva (past next sunrise),Kaulava till 07:07; Taitila till 20:16; Garaja (past next sunrise),Krishna Paksha,Pushya,Puyintel,2,,Vishvavasu,1947,14:05-15:31,06:56-08:22,09:48-11:14,12:17-13:02
2026-01-16,Friday,06:56,18:23,05:41 (+1),16:15,K-Trayodashi till 22:22; K-Chaturdashi (past next sunrise),Mula (past next sunrise),Dhruva till 21:06; Vyaghata (past next sunrise),Garaja till 09:22; Vanija till 22:22; Vishti (past next sunrise),Krishna Paksha,Pushya,Puyintel,3,,Vishvavasu,1947,11:14-12:40,15:32-16:58,08:22-09:48,12:17-13:03
2026-01-17,Saturday,06:56,18:24,06:31 (+1),17:09,K-Chaturdashi till 00:04 (+1); K-Amavasya (past next sunrise),Mula till 08:12; Purva Ashadha (past next sunrise),Vyaghata till 21:18; Harshana (past next sunrise),Vishti till 11:16; Shakuni till 00:04 (+1); Chatushpada (past next sunrise),Krishna Paksha,Pushya,Puyintel,4,,Vishvavasu,1947,09:48-11:14,14:06-15:32,06:56-08:22,12:17-13:03
2026-01-18,Sunday,06:56,18:25,,18:04,K-Amavasya till 01:21 (+1); S-Pratipada (past next sunrise),Purva Ashadha till 10:14; Uttara Ashadha (past next sunrise),Harshana till 21:11; Vajra (past next sunrise),Chatushpada till 12:46; Naga till 01:21 (+1); Kimstughna (past next sunrise),Krishna Paksha,Pushya,Puyintel,5,,Vishvavasu,1947,16:58-18:25,12:40-14:06,15:32-16:58,12:18-13:03
2026-01-19,Monday,06:57,18:25,07:18,18:58,S-Pratipada till 02:14 (+1); S-Dwitiya (past next sunrise),Uttara Ashadha till 11:52; Shravana (past next sunrise),Vajra till 20:45; Siddhi (past next sunrise),Kimstughna till 13:51; Bava till 02:14 (+1); Balava (past next sunrise),Shukla Paksha,Magha,Puyintel,6,,Vishvavasu,1947,08:23-09:49,11:15-12:41,14:07-15:33,12:18-13:04
2026-01-20,Tuesday,06:57,18:26,08:02,19:51,S-Dwitiya till 02:43 (+1); S-Tritiya (past next sunrise),Shravana till 13:07; Dhanishta (past next sunrise),Siddhi till 20:01; Vyatipata (past next sunrise),Balava till 14:31; Kaulava till 02:43 (+1); Taitila (past next sunrise),Shukla Paksha,Magha,Puyintel,7,,Vishvavasu,1947,15:33-16:59,09:49-11:15,12:41-14:07,12:18-13:04
2026-01-21,Wednesday,06:57,18:26,08:43,20:42,S-Tritiya till 02:47 (+1); S-Chaturthi (past next sunrise),Dhanishta till 13:58; Shatabhisha (past next sunrise),Vyatipata till 18:58; Variyan (past next sunrise),Taitila till 14:48; Garaja till 02:47 (+1); Vanija (past next sunrise),Shukla Paksha,Magha,Puyintel,8,,Vishvavasu,1947,12:41-14:08,08:23-09:49,11:15-12:41,12:18-13:04
2026-01-22,Thursday,06:57,18:27,09:22,21:33,S-Chaturthi till 02:28 (+1); S-Panchami (past next sunrise),Shatabhisha till 14:27; Purva Bhadrapada (past next sunrise),Variyan till 17:38; Parigha (past next sunrise),Vanija till 14:41; Vishti till 02:28 (+1); Bava (past next sunrise),Shukla Paksha,Magha,Puyintel,9,,Vishvavasu,1947,14:08-15:34,06:57-08:23,09:49-11:15,12:19-13:05
2026-01-23,Friday,06:57,18:27,10:01,22:24,S-Panchami till 01:46 (+1); S-Shashthi (past next sunrise),Purva Bhadrapada till 14:33; Uttara Bhadrapada (past next sunrise),Parigha till 15:59; Shiva (past next sunrise),Bava till 14:10; Balava till 01:46 (+1); Kaulava (past next sunrise),Shukla Paksha,Magha,Puyintel,10,,Vishvavasu,1947,11:16-12:42,15:34-17:01,08:23-09:49,12:19-13:05
2026-01-24,Saturday,06:57,18:28,10:40,23:16,S-Shashthi till 00:40 (+1); S-Saptami (past next sunrise),Uttara Bhadrapada till 14:16; Revati (past next sunrise),Shiva till 14:01; Siddha (past next sunrise),Kaulava till 13:16; Taitila till 00:40 (+1); Garaja (past next sunrise),Shukla Paksha,Magha,Puyintel,11,,Vishvavasu,1947,09:49-11:16,14:08-15:35,06:57-08:23,12:19-13:05
2026-01-25,Sunday,06:57,18:28,11:20,00:11 (+1),S-Saptami till 23:10; S-Ashtami (past next sunrise),Revati till 13:35; Ashwini (past next sunrise),Siddha till 11:45; Sadhya (past next sunrise),Garaja till 11:58; Vanija till 23:10; Vishti (past next sunrise),Shukla Paksha,Magha,Puyintel,12,,Vishvavasu,1947,17:02-18:28,12:42-14:09,15:35-17:02,12:19-13:05
2026-01-26,Monday,06:57,18:28,12:05,01:09 (+1),S-Ashtami till 21:18; S-Navami (past next sunrise),Ashwini till 12:32; Bharani (past next sunrise),Sadhya till 09:11; Shubha till 06:19 (+1); Shukla (past next sunrise),Vishti till 10:17; Bava till 21:18; Balava (past next sunrise),Shukla Paksha,Magha,Puyintel,13,,Vishvavasu,1947,08:23-09:50,11:16-12:43,14:09-15:36,12:20-13:06
2026-01-27,Tuesday,06:57,18:29,12:55,02:11 (+1),S-Navami till 19:05; S-Dashami (past next sunrise),Bharani till 11:08; Krittika (past next sunrise),Shukla till 03:12 (+1); Brahma (past next sunrise),Balava till 08:14; Kaulava till 19:05; Taitila till 05:52 (+1); Garaja (past next sunrise),Shukla Paksha,Magha,Puyintel,14,,Vishvavasu,1947,15:36-17:02,09:50-11:16,12:43-14:09,12:20-13:06
2026-01-28,Wednesday,06:57,18:29,13:50,03:17 (+1),S-Dashami till 16:36; S-Ekadashi (past next sunrise),Krittika till 09:27; Rohini (past next sunrise),Brahma till 23:54; Indra (past next sunrise),Garaja till 16:36; Vanija till 03:17 (+1); Vishti (past next sunrise),Shukla Paksha,Magha,Puyintel,15,,Vishvavasu,1947,12:43-14:10,08:23-09:50,11:16-12:43,12:20-13:06
2026-01-29,Thursday,06:57,18:30,14:52,04:22 (+1),S-Ekadashi till 13:55; S-Dwadashi (past next sunrise),Rohini till 07:31; Mrigashira till 05:29 (+1); Ardra (past next sunrise),Indra till 20:27; Vaidhriti (past next sunrise),Vishti till 13:55; Bava till 00:32 (+1); Balava (past next sunrise),Shukla Paksha,Magha,Puyintel,16,,Vishvavasu,1947,14:10-15:37,06:57-08:23,09:50-11:17,12:20-13:06
2026-01-30,Friday,06:56,18:30,15:57,05:24 (+1),S-Dwadashi till 11:09; S-Trayodashi (past next sunrise),Ardra till 03:27 (+1); Punarvasu (past next sunrise),Vaidhriti till 16:58; Vishkambha (past next sunrise),Balava till 11:09; Kaulava till 21:47; Taitila (past next sunrise),Shukla Paksha,Magha,Puyintel,17,,Vishvavasu,1947,11:17-12:43,15:37-17:04,08:23-09:50,12:20-13:06
2026-01-31,Saturday,06:56,18:31,17:03,06:20 (+1),S-Trayodashi till 08:26; S-Chaturdashi till 05:53 (+1); S-Purnima (past next sunrise),Punarvasu till 01:34 (+1); Pushya (past next sunrise),Vishkambha till 13:33; Priti (past next sunrise),Taitila till 08:26; Garaja till 19:07; Vanija till 05:53 (+1); Vishti (past next sunrise),Shukla Paksha,Magha,Puyintel,18,,Vishvavasu,1947,09:50-11:17,14:10-15:37,06:56-08:23,12:20-13:07
2026-02-01,Sunday,06:56,18:31,18:06,,S-Purnima till 03:39 (+1); K-Pratipada (past next sunrise),Pushya till 23:58; Ashlesha (past next sunrise),Priti till 10:18; Ayushman (past next sunrise),Vishti till 16:43; Bava till 03:39 (+1); Balava (past next sunrise),Shukla Paksha,Magha,Puyintel,19,,Vishvavasu,1947,17:04-18:31,12:44-14:11,15:37-17:04,12:20-13:07
2026-02-02,Monday,06:56,18:32,19:05,07:11,K-Pratipada till 01:52 (+1); K-Dwitiya (past next sunrise),Ashlesha till 22:47; Magha (past next sunrise),Ayushman till 07:20; Saubhagya till 04:45 (+1); Shobhana (past next sunrise),Balava till 14:42; Kaulava till 01:52 (+1); Taitila (past next sunrise),Krishna Paksha,Magha,Puyintel,20,,Vishvavasu,1947,08:23-09:50,11:17-12:44,14:11-15:38,12:21-13:07
2026-02-03,Tuesday,06:56,18:32,20:00,07:56,K-Dwitiya till 00:41 (+1); K-Tritiya (past next sunrise),Magha till 22:10; Purva Phalguni (past next sunrise),Shobhana till 02:39 (+1); Atiganda (past next sunrise),Taitila till 13:12; Garaja till 00:41 (+1); Vanija (past next sunrise),Krishna Paksha,Magha,Puyintel,21,,Vishvavasu,1947,15:38-17:05,09:50-11:17,12:44-14:11,12:21-13:07
2026-02-04,Wednesday,06:56,18:32,20:51,08:36,K-Tritiya till 00:10 (+1); K-Chaturthi (past next sunrise),Purva Phalguni till 22:13; Uttara Phalguni (past next sunrise),Atiganda till 01:04 (+1); Sukarma (past next sunrise),Vanija till 12:20; Vishti till 00:10 (+1); Bava (past next sunrise),Krishna Paksha,Magha,Puyintel,22,,Vishvavasu,1947,12:44-14:11,08:23-09:50,11:17-12:44,12:21-13:07
2026-02-05,Thursday,06:55,18:33,21:40,09:14,K-Chaturthi till 00:22 (+1); K-Panchami (past next sunrise),Uttara Phalguni till 22:57; Hasta (past next sunrise),Sukarma till 00:04 (+1); Dhriti (past next sunrise),Bava till 12:10; Balava till 00:22 (+1); Kaulava (past next sunrise),Krishna Paksha,Magha,Puyintel,23,,Vishvavasu,1947,14:11-15:38,06:55-08:23,09:50-11:17,12:21-13:07
2026-02-06,Friday,06:55,18:33,22:28,09:51,K-Panchami till 01:19 (+1); K-Shashthi (past next sunrise),Hasta till 00:24 (+1); Chitra (past next sunrise),Dhriti till 23:37; Shula (past next sunrise),Kaulava till 12:45; Taitila till 01:19 (+1); Garaja (past next sunrise),Krishna Paksha,Magha,Puyintel,24,,Vishvavasu,1947,11:17-12:44,15:39-17:06,08:22-09:50,12:21-13:07
2026-02-07,Saturday,06:55,18:33,23:16,10:28,K-Shashthi till 02:54 (+1); K-Saptami (past next sunrise),Chitra till 02:28 (+1); Swati (past next sunrise),Shula till 23:40; Ganda (past next sunrise),Garaja till 14:02; Vanija till 02:54 (+1); Vishti (past next sunrise),Krishna Paksha,Magha,Puyintel,25,,Vishvavasu,1947,09:50-11:17,14:12-15:39,06:55-08:22,12:21-13:07
2026-02-08,Sunday,06:55,18:34,00:05 (+1),11:06,K-Saptami till 05:01 (+1); K-Ashtami (past next sunrise),Swati till 05:02 (+1); Vishakha (past next sunrise),Ganda till 00:08 (+1); Vriddhi (past next sunrise),Vishti till 15:55; Bava till 05:01 (+1); Balava (past next sunrise),Krishna Paksha,Magha,Puyintel,26,,Vishvavasu,1947,17:06-18:34,12:44-14:12,15:39-17:06,12:21-13:08
2026-02-09,Monday,06:54,18:34,00:55 (+1),11:46,K-Ashtami (past next sunrise),Vishakha (past next sunrise),Vriddhi till 00:52 (+1); Dhruva (past next sunrise),Balava till 18:13; Kaulava (past next sunrise),Krishna Paksha,Magha,Puyintel,27,,Vishvavasu,1947,08:22-09:49,11:17-12:44,14:12-15:39,12:21-13:08
2026-02-10,Tuesday,06:54,18:34,01:47 (+1),12:29,K-Ashtami till 07:27; K-Navami (past next sunrise),Vishakha till 07:55; Anuradha (past next sunrise),Dhruva till 01:42 (+1); Vyaghata (past next sunrise),Kaulava till 07:27; Taitila till 20:43; Garaja (past next sunrise),Krishna Paksha,Magha,Puyintel,28,,Vishvavasu,1947,15:39-17:07,09:49-11:17,12:44-14:12,12:21-13:08
2026-02-11,Wednesday,06:54,18:35,02:40 (+1),13:16,K-Navami till 09:59; K-Dashami (past next sunrise),Anuradha till 10:53; Jyeshtha (past next sunrise),Vyaghata till 02:30 (+1); Harshana (past next sunrise),Garaja till 09:59; Vanija till 23:12; Vishti (past next sunrise),Krishna Paksha,Magha,Puyintel,29,,Vishvavasu,1947,12:44-14:12,08:22-09:49,11:17-12:44,12:21-13:08
2026-02-12,Thursday,06:54,18:35,03:32 (+1),14:06,K-Dashami till 12:22; K-Ekadashi (past next sunrise),Jyeshtha till 13:42; Mula (past next sunrise),Harshana till 03:06 (+1); Vajra (past next sunrise),Vishti till 12:22; Bava till 01:27 (+1); Balava (past next sunrise),Krishna Paksha,Magha,Puyintel,30,Kumbha 04:08 (+1),Vishvavasu,1947,14:12-15:40,06:54-08:21,09:49-11:17,12:21-13:08
2026-02-13,Friday,06:53,18:35,04:23 (+1),14:59,K-Ekadashi till 14:26; K-Dwadashi (past next sunrise),Mula till 16:12; Purva Ashadha (past next sunrise),Vajra till 03:23 (+1); Siddhi (past next sunrise),Balava till 14:26; Kaulava till 03:18 (+1); Taitila (past next sunrise),Krishna Paksha,Magha,Maayi,1,,Vishvavasu,1947,11:17-12:44,15:40-17:08,08:21-09:49,12:21-13:08
2026-02-14,Saturday,06:53,18:36,05:12 (+1),15:54,K-Dwadashi till 16:02; K-Trayodashi (past next sunrise),Purva Ashadha till 18:16; Uttara Ashadha (past next sunrise),Siddhi till 03:17 (+1); Vyatipata (past next sunrise),Taitila till 16:02; Garaja till 04:37 (+1); Vanija (past next sunrise),Krishna Paksha,Magha,Maayi,2,,Vishvavasu,1947,09:49-11:16,14:12-15:40,06:53-08:21,12:21-13:08
2026-02-15,Sunday,06:53,18:36,05:57 (+1),16:49,K-Trayodashi till 17:05; K-Chaturdashi (past next sunrise),Uttara Ashadha till 19:48; Shravana (past next sunrise),Vyatipata till 02:46 (+1); Variyan (past next sunrise),Vanija till 17:05; Vishti till 05:24 (+1); Shakuni (past next sunrise),Krishna Paksha,Magha,Maayi,3,,Vishvavasu,1947,17:08-18:36,12:44-14:12,15:40-17:08,12:21-13:08
2026-02-16,Monday,06:52,18:36,06:40 (+1),17:42,K-Chaturdashi till 17:34; K-Amavasya (past next sunrise),Shravana till 20:48; Dhanishta (past next sunrise),Variyan till 01:50 (+1); Parigha (past next sunrise),Shakuni till 17:34; Chatushpada till 05:36 (+1); Naga (past next sunrise),Krishna Paksha,Magha,Maayi,4,,Vishvavasu,1947,08:20-09:48,11:16-12:44,14:12-15:40,12:21-13:08
2026-02-17,Tuesday,06:52,18:36,,18:35,K-Amavasya till 17:31; S-Pratipada (past next sunrise),Dhanishta till 21:16; Shatabhisha (past next sunrise),Parigha till 00:28 (+1); Shiva (past next sunrise),Naga till 17:31; Kimstughna till 05:18 (+1); Bava (past next sunrise),Krishna Paksha,Magha,Maayi,5,,Vishvavasu,1947,15:40-17:08,09:48-11:16,12:44-14:12,12:21-13:08
2026-02-18,Wednesday,06:51,18:37,07:20,19:27,S-Pratipada till 16:58; S-Dwitiya (past next sunrise),Shatabhisha till 21:16; Purva Bhadrapada (past next sunrise),Shiva till 22:45; Siddha (past next sunrise),Bava till 16:58; Balava till 04:31 (+1); Kaulava (past next sunrise),Shukla Paksha,Phalguna,Maayi,6,,Vishvavasu,1947,12:44-14:12,08:20-09:48,11:16-12:44,12:21-13:08
2026-02-19,Thursday,06:51,18:37,08:00,20:19,S-Dwitiya till 15:59; S-Tritiya (past next sunrise),Purva Bhadrapada till 20:52; Uttara Bhadrapada (past next sunrise),Siddha till 20:42; Sadhya (past next sunrise),Kaulava till 15:59; Taitila till 03:21 (+1); Garaja (past next sunrise),Shukla Paksha,Phalguna,Maayi,7,,Vishvavasu,1947,14:12-15:40,06:51-08:19,09:47-11:16,12:20-13:07
2026-02-20,Friday,06:51,18:37,08:39,21:12,S-Tritiya till 14:39; S-Chaturthi (past next sunrise),Uttara Bhadrapada till 20:07; Revati (past next sunrise),Sadhya till 18:23; Shubha (past next sunrise),Garaja till 14:39; Vanija till 01:52 (+1); Vishti (past next sunrise),Shukla Paksha,Phalguna,Maayi,8,,Vishvavasu,1947,11:16-12:44,15:41-17:09,08:19-09:47,12:20-13:07
2026-02-21,Saturday,06:50,18:37,09:20,22:06,S-Chaturthi till 13:01; S-Panchami (past next sunrise),Revati till 19:07; Ashwini (past next sunrise),Shubha till 15:51; Shukla (past next sunrise),Vishti till 13:01; Bava till 00:07 (+1); Balava (past next sunrise),Shukla Paksha,Phalguna,Maayi,9,,Vishvavasu,1947,09:47-11:15,14:12-15:41,06:50-08:18,12:20-13:07
2026-02-22,Sunday,06:50,18:38,10:04,23:04,S-Panchami till 11:10; S-Shashthi (past next sunrise),Ashwini till 17:54; Bharani (past next sunrise),Shukla till 13:08; Brahma (past next sunrise),Balava till 11:10; Kaulava till 22:11; Taitila (past next sunrise),Shukla Paksha,Phalguna,Maayi,10,,Vishvavasu,1947,17:09-18:38,12:44-14:12,15:41-17:09,12:20-13:07
2026-02-23,Monday,06:49,18:38,10:52,00:05 (+1),S-Shashthi till 09:09; S-Saptami (past next sunrise),Bharani till 16:33; Krittika (past next sunrise),Brahma till 10:18; Indra (past next sunrise),Taitila till 09:09; Garaja till 20:06; Vanija (past next sunrise),Shukla Paksha,Phalguna,Maayi,11,,Vishvavasu,1947,08:18-09:46,11:15-12:43,14:12-15:41,12:20-13:07
2026-02-24,Tuesday,06:49,18:38,11:45,01:08 (+1),S-Saptami till 07:02; S-Ashtami till 04:52 (+1); S-Navami (past next sunrise),Krittika till 15:07; Rohini (past next sunrise),Indra till 07:23; Vaidhriti till 04:26 (+1); Vishkambha (past next sunrise),Vanija till 07:02; Vishti till 17:57; Bava till 04:52 (+1); Balava (past next sunrise),Shukla Paksha,Phalguna,Maayi,12,,Vishvavasu,1947,15:41-17:09,09:46-11:15,12:43-14:12,12:20-13:07
2026-02-25,Wednesday,06:48,18:38,12:43,02:12 (+1),S-Navami till 02:41 (+1); S-Dashami (past next sunrise),Rohini till 13:38; Mrigashira (past next sunrise),Vishkambha till 01:28 (+1); Priti (past next sunrise),Balava till 15:46; Kaulava till 02:41 (+1); Taitila (past next sunrise),Shukla Paksha,Phalguna,Maayi,13,,Vishvavasu,1947,12:43-14:12,08:17-09:46,11:14-12:43,12:20-13:07
2026-02-26,Thursday,06:48,18:38,13:46,03:14 (+1),S-Dashami till 00:33 (+1); S-Ekadashi (past next sunrise),Mrigashira till 12:11; Ardra (past next sunrise),Priti till 22:33; Ayushman (past next sunrise),Taitila till 13:37; Garaja till 00:33 (+1); Vanija (past next sunrise),Shukla Paksha,Phalguna,Maayi,14,,Vishvavasu,1947,14:12-15:41,06:48-08:16,09:45-11:14,12:19-13:07
2026-02-27,Friday,06:47,18:39,14:50,04:11 (+1),S-Ekadashi till 22:33; S-Dwadashi (past next sunrise),Ardra till 10:49; Punarvasu (past next sunrise),Ayushman till 19:43; Saubhagya (past next sunrise),Vanija till 11:32; Vishti till 22:33; Bava (past next sunrise),Shukla Paksha,Phalguna,Maayi,15,,Vishvavasu,1947,11:14-12:43,15:41-17:10,08:16-09:45,12:19-13:07
2026-02-28,Saturday,06:47,18:39,15:52,05:02 (+1),S-Dwadashi till 20:43; S-Trayodashi (past next sunrise),Punarvasu till 09:35; Pushya (past next sunrise),Saubhagya till 17:02; Shobhana (past next sunrise),Bava till 09:36; Balava till 20:43; Kaulava (past next sunrise),Shukla Paksha,Phalguna,Maayi,16,,Vishvavasu,1947,09:45-11:14,14:12-15:41,06:47-08:16,12:19-13:06
2026-03-01,Sunday,06:46,18:39,16:51,05:48 (+1),S-Trayodashi till 19:09; S-Chaturdashi (past next sunrise),Pushya till 08:34; Ashlesha (past next sunrise),Shobhana till 14:33; Atiganda (past next sunrise),Kaulava till 07:54; Taitila till 19:09; Garaja till 06:30 (+1); Vanija (past next sunrise),Shukla Paksha,Phalguna,Maayi,17,,Vishvavasu,1947,17:10-18:39,12:42-14:12,15:41-17:10,12:19-13:06
2026-03-02,Monday,06:46,18:39,17:47,06:30 (+1),S-Chaturdashi till 17:56; S-Purnima (past next sunrise),Ashlesha till 07:51; Magha (past next sunrise),Atiganda till 12:19; Sukarma (past next sunrise),Vanija till 17:56; Vishti till 05:28 (+1); Bava (past next sunrise),Shukla Paksha,Phalguna,Maayi,18,,Vishvavasu,1947,08:15-09:44,11:13-12:42,14:11-15:41,12:19-13:06
2026-03-03,Tuesday,06:45,18:39,18:39,,S-Purnima till 17:07; K-Pratipada (past next sunrise),Magha till 07:31; Purva Phalguni (past next sunrise),Sukarma till 10:24; Dhriti (past next sunrise),Bava till 17:07; Balava till 04:54 (+1); Kaulava (past next sunrise),Shukla Paksha,Phalguna,Maayi,19,,Vishvavasu,1947,15:41-17:10,09:44-11:13,12:42-14:11,12:18-13:06
2026-03-04,Wednesday,06:44,18:39,19:29,07:09,K-Pratipada till 16:49; K-Dwitiya (past next sunrise),Purva Phalguni till 07:39; Uttara Phalguni (past next sunrise),Dhriti till 08:52; Shula (past next sunrise),Kaulava till 16:49; Taitila till 04:52 (+1); Garaja (past next sunrise),Krishna Paksha,Phalguna,Maayi,20,,Vishvavasu,1947,12:42-14:11,08:14-09:43,11:13-12:42,12:18-13:06
2026-03-05,Thursday,06:44,18:39,20:18,07:46,K-Dwitiya till 17:04; K-Tritiya (past next sunrise),Uttara Phalguni till 08:17; Hasta (past next sunrise),Shula till 07:45; Ganda (past next sunrise),Garaja till 17:04; Vanija till 05:24 (+1); Vishti (past next sunrise),Krishna Paksha,Phalguna,Maayi,21,,Vishvavasu,1947,14:11-15:41,06:44-08:13,09:43-11:12,12:18-13:06
2026-03-06,Friday,06:43,18:40,21:07,08:23,K-Tritiya till 17:53; K-Chaturthi (past next sunrise),Hasta till 09:30; Chitra (past next sunrise),Ganda till 07:05; Vriddhi (past next sunrise),Vishti till 17:53; Bava till 06:31 (+1); Balava (past next sunrise),Krishna Paksha,Phalguna,Maayi,22,,Vishvavasu,1947,11:12-12:41,15:41-17:10,08:13-09:42,12:18-13:05
2026-03-07,Saturday,06:43,18:40,21:56,09:01,K-Chaturthi till 19:17; K-Panchami (past next sunrise),Chitra till 11:15; Swati (past next sunrise),Vriddhi till 06:52; Dhruva (past next sunrise),Balava till 19:17; Kaulava (past next sunrise),Krishna Paksha,Phalguna,Maayi,23,,Vishvavasu,1947,09:42-11:12,14:11-15:40,06:43-08:12,12:17-13:05
2026-03-08,Sunday,06:42,18:40,22:46,09:40,K-Panchami till 21:11; K-Shashthi (past next sunrise),Swati till 13:31; Vishakha (past next sunrise),Dhruva till 07:03; Vyaghata (past next sunrise),Kaulava till 08:11; Taitila till 21:11; Garaja (past next sunrise),Krishna Paksha,Phalguna,Maayi,24,,Vishvavasu,1947,17:10-18:40,12:41-14:11,15:40-17:10,12:17-13:05
2026-03-09,Monday,06:41,18:40,23:38,10:23,K-Shashthi till 23:27; K-Saptami (past next sunrise),Vishakha till 16:11; Anuradha (past next sunrise),Vyaghata till 07:35; Harshana (past next sunrise),Garaja till 10:17; Vanija till 23:27; Vishti (past next sunrise),Krishna Paksha,Phalguna,Maayi,25,,Vishvavasu,1947,08:11-09:41,11:11-12:41,14:11-15:40,12:17-13:05
2026-03-10,Tuesday,06:41,18:40,00:30 (+1),11:08,K-Saptami till 01:54 (+1); K-Ashtami (past next sunrise),Anuradha till 19:05; Jyeshtha (past next sunrise),Harshana till 08:21; Vajra (past next sunrise),Vishti till 12:40; Bava till 01:54 (+1); Balava (past next sunrise),Krishna Paksha,Phalguna,Maayi,26,,Vishvavasu,1947,15:40-17:10,09:41-11:11,12:40-14:10,12:16-13:04
2026-03-11,Wednesday,06:40,18:40,01:22 (+1),11:57,K-Ashtami till 04:20 (+1); K-Navami (past next sunrise),Jyeshtha till 22:00; Mula (past next sunrise),Vajra till 09:12; Siddhi (past next sunrise),Balava till 15:08; Kaulava till 04:20 (+1); Taitila (past next sunrise),Krishna Paksha,Phalguna,Maayi,27,,Vishvavasu,1947,12:40-14:10,08:10-09:40,11:10-12:40,12:16-13:04
2026-03-12,Thursday,06:40,18:40,02:14 (+1),12:49,K-Navami till 06:29 (+1); K-Dashami (past next sunrise),Mula till 00:43 (+1); Purva Ashadha (past next sunrise),Siddhi till 09:58; Vyatipata (past next sunrise),Taitila till 17:27; Garaja till 06:29 (+1); Vanija (past next sunrise),Krishna Paksha,Phalguna,Maayi,28,,Vishvavasu,1947,14:10-15:40,06:40-08:10,09:40-11:10,12:16-13:04
2026-03-13,Friday,06:39,18:40,03:03 (+1),13:42,K-Dashami (past next sunrise),Purva Ashadha till 03:03 (+1); Uttara Ashadha (past next sunrise),Vyatipata till 10:31; Variyan (past next sunrise),Vanija till 19:24; Vishti (past next sunrise),Krishna Paksha,Phalguna,Maayi,29,,Vishvavasu,1947,11:09-12:40,15:40-17:10,08:09-09:39,12:16-13:04
2026-03-14,Saturday,06:38,18:40,03:49 (+1),14:36,K-Dashami till 08:11; K-Ekadashi (past next sunrise),Uttara Ashadha till 04:49 (+1); Shravana (past next sunrise),Variyan till 10:42; Parigha (past next sunrise),Vishti till 08:11; Bava till 20:49; Balava (past next sunrise),Krishna Paksha,Phalguna,Maayi,30,Meena 01:03 (+1),Vishvavasu,1947,09:39-11:09,14:10-15:40,06:38-08:09,12:15-13:03
2026-03-15,Sunday,06:38,18:41,04:33 (+1),15:30,K-Ekadashi till 09:16; K-Dwadashi (past next sunrise),Shravana till 05:56 (+1); Dhanishta (past next sunrise),Parigha till 10:25; Shiva (past next sunrise),Balava till 09:16; Kaulava till 21:34; Taitila (past next sunrise),Krishna Paksha,Phalguna,Suggi,1,,Vishvavasu,1947,17:10-18:41,12:39-14:09,15:40-17:10,12:15-13:03
2026-03-16,Monday,06:37,18:41,05:14 (+1),16:23,K-Dwadashi till 09:41; K-Trayodashi (past next sunrise),Dhanishta till 06:22 (+1); Shatabhisha (past next sunrise),Shiva till 09:36; Siddha (past next sunrise),Taitila till 09:41; Garaja till 21:37; Vanija (past next sunrise),Krishna Paksha,Phalguna,Suggi,2,,Vishvavasu,1947,08:07-09:38,11:08-12:39,14:09-15:40,12:15-13:03
2026-03-17,Tuesday,06:36,18:41,05:54 (+1),17:16,K-Trayodashi till 09:23; K-Chaturdashi (past next sunrise),Shatabhisha till 06:09 (+1); Purva Bhadrapada (past next sunrise),Siddha till 08:15; Sadhya till 06:22 (+1); Shubha (past next sunrise),Vanija till 09:23; Vishti till 20:59; Shakuni (past next sunrise),Krishna Paksha,Phalguna,Suggi,3,,Vishvavasu,1947,15:40-17:10,09:37-11:08,12:39-14:09,12:14-13:03
2026-03-18,Wednesday,06:36,18:41,06:34 (+1),18:08,K-Chaturdashi till 08:26; K-Amavasya (past next sunrise),Purva Bhadrapada till 05:21 (+1); Uttara Bhadrapada (past next sunrise),Shubha till 04:01 (+1); Shukla (past next sunrise),Shakuni till 08:26; Chatushpada till 19:43; Naga (past next sunrise),Krishna Paksha,Phalguna,Suggi,4,,Vishvavasu,1947,12:38-14:09,08:06-09:37,11:08-12:38,12:14-13:02
2026-03-19,Thursday,06:35,18:41,,19:02,K-Amavasya till 06:53; S-Pratipada till 04:52 (+1); S-Dwitiya (past next sunrise),Uttara Bhadrapada till 04:05 (+1); Revati (past next sunrise),Shukla till 01:17 (+1); Brahma (past next sunrise),Naga till 06:53; Kimstughna till 17:56; Bava till 04:52 (+1); Balava (past next sunrise),Krishna Paksha,Phalguna,Suggi,5,,Vishvavasu,1947,14:09-15:39,06:35-08:06,09:37-11:07,12:14-13:02
2026-03-20,Friday,06:34,18:41,07:16,19:57,S-Dwitiya till 02:31 (+1); S-Tritiya (past next sunrise),Revati till 02:28 (+1); Ashwini (past next sunrise),Brahma till 22:15; Indra (past next sunrise),Balava till 15:44; Kaulava till 02:31 (+1); Taitila (past next sunrise),Shukla Paksha,Chaitra,Suggi,6,,Parabhava,1948,11:07-12:38,15:39-17:10,08:05-09:36,12:13-13:02
2026-03-21,Saturday,06:34,18:41,07:59,20:55,S-Tritiya till 23:57; S-Chaturthi (past next sunrise),Ashwini till 00:38 (+1); Bharani (past next sunrise),Indra till 19:01; Vaidhriti (past next sunrise),Taitila till 13:15; Garaja till 23:57; Vanija (past next sunrise),Shukla Paksha,Chaitra,Suggi,7,,Parabhava,1948,09:36-11:06,14:08-15:39,06:34-08:05,12:13-13:02
2026-03-22,Sunday,06:33,18:41,08:47,21:57,S-Chaturthi till 21:17; S-Panchami (past next sunrise),Bharani till 22:42; Krittika (past next sunrise),Vaidhriti till 15:41; Vishkambha (past next sunrise),Vanija till 10:37; Vishti till 21:17; Bava (past next sunrise),Shukla Paksha,Chaitra,Suggi,8,,Parabhava,1948,17:10-18:41,12:37-14:08,15:39-17:10,12:13-13:01
2026-03-23,Monday,06:32,18:41,09:40,23:01,S-Panchami till 18:38; S-Shashthi (past next sunrise),Krittika till 20:49; Rohini (past next sunrise),Vishkambha till 12:22; Priti (past next sunrise),Bava till 07:57; Balava till 18:38; Kaulava till 05:22 (+1); Taitila (past next sunrise),Shukla Paksha,Chaitra,Suggi,9,,Parabhava,1948,08:04-09:35,11:06-12:37,14:08-15:39,12:12-13:01
2026-03-24,Tuesday,06:32,18:41,10:38,00:06 (+1),S-Shashthi till 16:08; S-Saptami (past next sunrise),Rohini till 19:05; Mrigashira (past next sunrise),Priti till 09:07; Ayushman till 06:02 (+1); Saubhagya (past next sunrise),Taitila till 16:08; Garaja till 02:57 (+1); Vanija (past next sunrise),Shukla Paksha,Chaitra,Suggi,10,,Parabhava,1948,15:39-17:10,09:34-11:05,12:36-14:08,12:12-13:01
2026-03-25,Wednesday,06:31,18:41,11:40,01:08 (+1),S-Saptami till 13:50; S-Ashtami (past next sunrise),Mrigashira till 17:33; Ardra (past next sunrise),Saubhagya till 03:09 (+1); Shobhana (past next sunrise),Vanija till 13:50; Vishti till 00:47 (+1); Bava (past next sunrise),Shukla Paksha,Chaitra,Suggi,11,,Parabhava,1948,12:36-14:07,08:02-09:34,11:05-12:36,12:12-13:01
2026-03-26,Thursday,06:30,18:41,12:43,02:06 (+1),S-Ashtami till 11:49; S-Navami (past next sunrise),Ardra till 16:19; Punarvasu (past next sunrise),Shobhana till 00:31 (+1); Atiganda (past next sunrise),Bava till 11:49; Balava till 22:55; Kaulava (past next sunrise),Shukla Paksha,Chaitra,Suggi,12,,Parabhava,1948,14:07-15:39,06:30-08:02,09:33-11:05,12:12-13:00
2026-03-27,Friday,06:30,18:41,13:45,02:59 (+1),S-Navami till 10:07; S-Dashami (past next sunrise),Punarvasu till 15:24; Pushya (past next sunrise),Atiganda till 22:10; Sukarma (past next sunrise),Kaulava till 10:07; Taitila till 21:24; Garaja (past next sunrise),Shukla Paksha,Chaitra,Suggi,13,,Parabhava,1948,11:04-12:36,15:38-17:10,08:01-09:33,12:11-13:00
2026-03-28,Saturday,06:29,18:41,14:44,03:45 (+1),S-Dashami till 08:46; S-Ekadashi (past next sunrise),Pushya till 14:50; Ashlesha (past next sunrise),Sukarma till 20:06; Dhriti (past next sunrise),Garaja till 08:46; Vanija till 20:13; Vishti (past next sunrise),Shukla Paksha,Chaitra,Suggi,14,,Parabhava,1948,09:32-11:04,14:07-15:38,06:29-08:01,12:11-13:00
2026-03-29,Sunday,06:28,18:41,15:40,04:27 (+1),S-Ekadashi till 07:46; S-Dwadashi (past next sunrise),Ashlesha till 14:38; Magha (past next sunrise),Dhriti till 18:19; Shula (past next sunrise),Vishti till 07:46; Bava till 19:25; Balava (past next sunrise),Shukla Paksha,Chaitra,Suggi,15,,Parabhava,1948,17:10-18:41,12:35-14:07,15:38-17:10,12:11-12:59
2026-03-30,Monday,06:28,18:42,16:32,05:06 (+1),S-Dwadashi till 07:10; S-Trayodashi (past next sunrise),Magha till 14:48; Purva Phalguni (past next sunrise),Shula till 16:51; Ganda (past next sunrise),Balava till 07:10; Kaulava till 19:00; Taitila (past next sunrise),Shukla Paksha,Chaitra,Suggi,16,,Parabhava,1948,08:00-09:31,11:03-12:35,14:06-15:38,12:10-12:59
2026-03-31,Tuesday,06:27,18:42,17:22,05:43 (+1),S-Trayodashi till 06:56; S-Chaturdashi (past next sunrise),Purva Phalguni till 15:21; Uttara Phalguni (past next sunrise),Ganda till 15:41; Vriddhi (past next sunrise),Taitila till 06:56; Garaja till 18:58; Vanija (past next sunrise),Shukla Paksha,Chaitra,Suggi,17,,Parabhava,1948,15:38-17:10,09:31-11:03,12:34-14:06,12:10-12:59
2026-04-01,Wednesday,06:27,18:42,18:10,06:20 (+1),S-Chaturdashi till 07:06; S-Purnima (past next sunrise),Uttara Phalguni till 16:17; Hasta (past next sunrise),Vriddhi till 14:50; Dhruva (past next sunrise),Vanija till 07:06; Vishti till 19:21; Bava (past next sunrise),Shukla Paksha,Chaitra,Suggi,18,,Parabhava,1948,12:34-14:06,07:58-09:30,11:02-12:34,12:10-12:59
2026-04-02,Thursday,06:26,18:42,18:59,,S-Purnima till 07:41; K-Pratipada (past next sunrise),Hasta till 17:38; Chitra (past next sunrise),Dhruva till 14:19; Vyaghata (past next sunrise),Bava till 07:41; Balava till 20:09; Kaulava (past next sunrise),Shukla Paksha,Chaitra,Suggi,19,,Parabhava,1948,14:06-15:38,06:26-07:58,09:30-11:02,12:09-12:58
2026-04-03,Friday,06:25,18:42,19:47,06:57,K-Pratipada till 08:42; K-Dwitiya (past next sunrise),Chitra till 19:25; Swati (past next sunrise),Vyaghata till 14:08; Harshana (past next sunrise),Kaulava till 08:42; Taitila till 21:23; Garaja (past next sunrise),Krishna Paksha,Chaitra,Suggi,20,,Parabhava,1948,11:01-12:33,15:38-17:10,07:57-09:29,12:09-12:58
2026-04-04,Saturday,06:25,18:42,20:37,07:36,K-Dwitiya till 10:09; K-Tritiya (past next sunrise),Swati till 21:35; Vishakha (past next sunrise),Harshana till 14:17; Vajra (past next sunrise),Garaja till 10:09; Vanija till 23:02; Vishti (past next sunrise),Krishna Paksha,Chaitra,Suggi,21,,Parabhava,1948,09:29-11:01,14:05-15:37,06:25-07:57,12:09-12:58
2026-04-05,Sunday,06:24,18:42,21:29,08:17,K-Tritiya till 12:00; K-Chaturthi (past next sunrise),Vishakha till 00:08 (+1); Anuradha (past next sunrise),Vajra till 14:43; Siddhi (past next sunrise),Vishti till 12:00; Bava till 01:03 (+1); Balava (past next sunrise),Krishna Paksha,Chaitra,Suggi,22,,Parabhava,1948,17:10-18:42,12:33-14:05,15:37-17:10,12:08-12:57
2026-04-06,Monday,06:23,18:42,22:21,09:02,K-Chaturthi till 14:11; K-Panchami (past next sunrise),Anuradha till 02:57 (+1); Jyeshtha (past next sunrise),Siddhi till 15:25; Vyatipata (past next sunrise),Balava till 14:11; Kaulava till 03:22 (+1); Taitila (past next sunrise),Krishna Paksha,Chaitra,Suggi,23,,Parabhava,1948,07:56-09:28,11:00-12:33,14:05-15:37,12:08-12:57
2026-04-07,Tuesday,06:23,18:42,23:14,09:49,K-Panchami till 16:35; K-Shashthi (past next sunrise),Jyeshtha till 05:54 (+1); Mula (past next sunrise),Vyatipata till 16:16; Variyan (past next sunrise),Taitila till 16:35; Garaja till 05:49 (+1); Vanija (past next sunrise),Krishna Paksha,Chaitra,Suggi,24,,Parabhava,1948,15:37-17:10,09:27-11:00,12:32-14:05,12:08-12:57
2026-04-08,Wednesday,06:22,18:42,00:05 (+1),10:40,K-Shashthi till 19:02; K-Saptami (past next sunrise),Mula (past next sunrise),Variyan till 17:10; Parigha (past next sunrise),Vanija till 19:02; Vishti (past next sunrise),Krishna Paksha,Chaitra,Suggi,25,,Parabhava,1948,12:32-14:05,07:55-09:27,11:00-12:32,12:07-12:57
2026-04-09,Thursday,06:21,18:42,00:54 (+1),11:32,K-Saptami till 21:20; K-Ashtami (past next sunrise),Mula till 08:48; Purva Ashadha (past next sunrise),Parigha till 17:58; Shiva (past next sunrise),Vishti till 08:13; Bava till 21:20; Balava (past next sunrise),Krishna Paksha,Chaitra,Suggi,26,,Parabhava,1948,14:04-15:37,06:21-07:54,09:27-10:59,12:07-12:56
2026-04-10,Friday,06:21,18:42,01:41 (+1),12:25,K-Ashtami till 23:16; K-Navami (past next sunrise),Purva Ashadha till 11:28; Uttara Ashadha (past next sunrise),Shiva till 18:30; Siddha (past next sunrise),Balava till 10:21; Kaulava till 23:16; Taitila (past next sunrise),Krishna Paksha,Chaitra,Suggi,27,,Parabhava,1948,10:59-12:31,15:37-17:10,07:53-09:26,12:07-12:56
2026-04-11,Saturday,06:20,18:42,02:25 (+1),13:19,K-Navami till 00:37 (+1); K-Dashami (past next sunrise),Uttara Ashadha till 13:39; Shravana (past next sunrise),Siddha till 18:38; Sadhya (past next sunrise),Taitila till 12:01; Garaja till 00:37 (+1); Vanija (past next sunrise),Krishna Paksha,Chaitra,Suggi,28,,Parabhava,1948,09:26-10:58,14:04-15:37,06:20-07:53,12:06-12:56
2026-04-12,Sunday,06:20,18:42,03:07 (+1),14:11,K-Dashami till 01:17 (+1); K-Ekadashi (past next sunrise),Shravana till 15:14; Dhanishta (past next sunrise),Sadhya till 18:15; Shubha (past next sunrise),Vanija till 13:03; Vishti till 01:17 (+1); Bava (past next sunrise),Krishna Paksha,Chaitra,Suggi,29,,Parabhava,1948,17:10-18:42,12:31-14:04,15:37-17:10,12:06-12:56
2026-04-13,Monday,06:19,18:43,03:47 (+1),15:03,K-Ekadashi till 01:09 (+1); K-Dwadashi (past next sunrise),Dhanishta till 16:03; Shatabhisha (past next sunrise),Shubha till 17:16; Shukla (past next sunrise),Bava till 13:19; Balava till 01:09 (+1); Kaulava (past next sunrise),Krishna Paksha,Chaitra,Suggi,30,,Parabhava,1948,07:52-09:25,10:58-12:31,14:04-15:37,12:06-12:55
2026-04-14,Tuesday,06:18,18:43,04:26 (+1),15:54,K-Dwadashi till 00:13 (+1); K-Trayodashi (past next sunrise),Shatabhisha till 16:06; Purva Bhadrapada (past next sunrise),Shukla till 15:39; Brahma (past next sunrise),Kaulava till 12:47; Taitila till 00:13 (+1); Garaja (past next sunrise),Krishna Paksha,Chaitra,Paggu,1,Mesha 09:32,Parabhava,1948,15:37-17:10,09:24-10:57,12:30-14:03,12:06-12:55
2026-04-15,Wednesday,06:18,18:43,05:07 (+1),16:47,K-Trayodashi till 22:31; K-Chaturdashi (past next sunrise),Purva Bhadrapada till 15:23; Uttara Bhadrapada (past next sunrise),Brahma till 13:25; Indra (past next sunrise),Garaja till 11:27; Vanija till 22:31; Vishti (past next sunrise),Krishna Paksha,Chaitra,Paggu,2,,Parabhava,1948,12:30-14:03,07:51-09:24,10:57-12:30,12:05-12:55
2026-04-16,Thursday,06:17,18:43,05:50 (+1),17:42,K-Chaturdashi till 20:12; K-Amavasya (past next sunrise),Uttara Bhadrapada till 13:59; Revati (past next sunrise),Indra till 10:37; Vaidhriti (past next sunrise),Vishti till 09:26; Shakuni till 20:12; Chatushpada (past next sunrise),Krishna Paksha,Chaitra,Paggu,3,,Parabhava,1948,14:03-15:36,06:17-07:50,09:24-10:57,12:05-12:55
2026-04-17,Friday,06:17,18:43,,18:40,K-Amavasya till 17:22; S-Pratipada (past next sunrise),Revati till 12:02; Ashwini (past next sunrise),Vaidhriti till 07:22; Vishkambha till 03:45 (+1); Priti (past next sunrise),Chatushpada till 06:50; Naga till 17:22; Kimstughna till 03:48 (+1); Bava (past next sunrise),Krishna Paksha,Chaitra,Paggu,4,,Parabhava,1948,10:56-12:30,15:36-17:10,07:50-09:23,12:05-12:55
2026-04-18,Saturday,06:16,18:43,06:37,19:41,S-Pratipada till 14:11; S-Dwitiya (past next sunrise),Ashwini till 09:42; Bharani (past next sunrise),Priti till 23:56; Ayushman (past next sunrise),Bava till 14:11; Balava till 00:31 (+1); Kaulava (past next sunrise),Shukla Paksha,Vaishakha,Paggu,5,,Parabhava,1948,09:23-10:56,14:03-15:36,06:16-07:49,12:05-12:54
2026-04-19,Sunday,06:15,18:43,07:29,20:47,S-Dwitiya till 10:49; S-Tritiya (past next sunrise),Bharani till 07:10; Krittika till 04:35 (+1); Rohini (past next sunrise),Ayushman till 20:02; Saubhagya (past next sunrise),Kaulava till 10:49; Taitila till 21:08; Garaja (past next sunrise),Shukla Paksha,Vaishakha,Paggu,6,,Parabhava,1948,17:10-18:43,12:29-14:03,15:36-17:10,12:04-12:54
2026-04-20,Monday,06:15,18:43,08:27,21:54,S-Tritiya till 07:28; S-Chaturthi till 04:15 (+1); S-Panchami (past next sunrise),Rohini till 02:08 (+1); Mrigashira (past next sunrise),Saubhagya till 16:11; Shobhana (past next sunrise),Garaja till 07:28; Vanija till 17:50; Vishti till 04:15 (+1); Bava (past next sunrise),Shukla Paksha,Vaishakha,Paggu,7,,Parabhava,1948,07:48-09:22,10:56-12:29,14:03-15:36,12:04-12:54
2026-04-21,Tuesday,06:14,18:43,09:30,23:00,S-Panchami till 01:20 (+1); S-Shashthi (past next sunrise),Mrigashira till 23:58; Ardra (past next sunrise),Shobhana till 12:31; Atiganda (past next sunrise),Bava till 14:45; Balava till 01:20 (+1); Kaulava (past next sunrise),Shukla Paksha,Vaishakha,Paggu,8,,Parabhava,1948,15:36-17:10,09:22-10:55,12:29-14:03,12:04-12:54
2026-04-22,Wednesday,06:14,18:44,10:35,00:01 (+1),S-Shashthi till 22:50; S-Saptami (past next sunrise),Ardra till 22:13; Punarvasu (past next sunrise),Atiganda till 09:08; Sukarma till 06:07 (+1); Dhriti (past next sunrise),Kaulava till 12:01; Taitila till 22:50; Garaja (past next sunrise),Shukla Paksha,Vaishakha,Paggu,9,,Parabhava,1948,12:29-14:02,07:48-09:21,10:55-12:29,12:04-12:54
2026-04-23,Thursday,06:13,18:44,11:39,00:56 (+1),S-Saptami till 20:49; S-Ashtami (past next sunrise),Punarvasu till 20:57; Pushya (past next sunrise),Dhriti till 03:32 (+1); Shula (past next sunrise),Garaja till 09:45; Vanija till 20:49; Vishti (past next sunrise),Shukla Paksha,Vaishakha,Paggu,10,,Parabhava,1948,14:02-15:36,06:13-07:47,09:21-10:55,12:03-12:54
2026-04-24,Friday,06:13,18:44,12:40,01:44 (+1),S-Ashtami till 19:22; S-Navami (past next sunrise),Pushya till 20:14; Ashlesha (past next sunrise),Shula till 01:24 (+1); Ganda (past next sunrise),Vishti till 08:01; Bava till 19:22; Balava (past next sunrise),Shukla Paksha,Vaishakha,Paggu,11,,Parabhava,1948,10:54-12:28,15:36-17:10,07:47-09:21,12:03-12:53
2026-04-25,Saturday,06:12,18:44,13:36,02:27 (+1),S-Navami till 18:28; S-Dashami (past next sunrise),Ashlesha till 20:05; Magha (past next sunrise),Ganda till 23:43; Vriddhi (past next sunrise),Balava till 06:51; Kaulava till 18:28; Taitila (past next sunrise),Shukla Paksha,Vaishakha,Paggu,12,,Parabhava,1948,09:20-10:54,14:02-15:36,06:12-07:46,12:03-12:53
2026-04-26,Sunday,06:12,18:44,14:29,03:06 (+1),S-Dashami till 18:07; S-Ekadashi (past next sunrise),Magha till 20:27; Purva Phalguni (past next sunrise),Vriddhi till 22:27; Dhruva (past next sunrise),Taitila till 06:14; Garaja till 18:07; Vanija till 06:08 (+1); Vishti (past next sunrise),Shukla Paksha,Vaishakha,Paggu,13,,Parabhava,1948,17:10-18:44,12:28-14:02,15:36-17:10,12:03-12:53
2026-04-27,Monday,06:11,18:44,15:19,03:44 (+1),S-Ekadashi till 18:16; S-Dwadashi (past next sunrise),Purva Phalguni till 21:18; Uttara Phalguni (past next sunrise),Dhruva till 21:35; Vyaghata (past next sunrise),Vishti till 18:16; Bava (past next sunrise),Shukla Paksha,Vaishakha,Paggu,14,,Parabhava,1948,07:45-09:20,10:54-12:28,14:02-15:36,12:03-12:53
2026-04-28,Tuesday,06:11,18:44,16:07,04:20 (+1),S-Dwadashi till 18:52; S-Trayodashi (past next sunrise),Uttara Phalguni till 22:36; Hasta (past next sunrise),Vyaghata till 21:04; Harshana (past next sunrise),Bava till 06:31; Balava till 18:52; Kaulava (past next sunrise),Shukla Paksha,Vaishakha,Paggu,15,,Parabhava,1948,15:36-17:10,09:19-10:53,12:28-14:02,12:03-12:53
2026-04-29,Wednesday,06:10,18:45,16:54,04:56 (+1),S-Trayodashi till 19:52; S-Chaturdashi (past next sunrise),Hasta till 00:16 (+1); Chitra (past next sunrise),Harshana till 20:51; Vajra (past next sunrise),Kaulava till 07:19; Taitila till 19:52; Garaja (past next sunrise),Shukla Paksha,Vaishakha,Paggu,16,,Parabhava,1948,12:28-14:02,07:45-09:19,10:53-12:28,12:02-12:53
2026-04-30,Thursday,06:10,18:45,17:42,05:34 (+1),S-Chaturdashi till 21:13; S-Purnima (past next sunrise),Chitra till 02:16 (+1); Swati (past next sunrise),Vajra till 20:55; Siddhi (past next sunrise),Garaja till 08:30; Vanija till 21:13; Vishti (past next sunrise),Shukla Paksha,Vaishakha,Paggu,17,,Parabhava,1948,14:02-15:36,06:10-07:44,09:19-10:53,12:02-12:53
2026-05-01,Friday,06:10,18:45,18:31,,S-Purnima till 22:53; K-Pratipada (past next sunrise),Swati till 04:35 (+1); Vishakha (past next sunrise),Siddhi till 21:13; Vyatipata (past next sunrise),Vishti till 10:00; Bava till 22:53; Balava (past next sunrise),Shukla Paksha,Vaishakha,Paggu,18,,Parabhava,1948,10:53-12:27,15:36-17:11,07:44-09:18,12:02-12:52
2026-05-02,Saturday,06:09,18:45,19:22,06:14,K-Pratipada till 00:50 (+1); K-Dwitiya (past next sunrise),Vishakha (past next sunrise),Vyatipata till 21:45; Variyan (past next sunrise),Balava till 11:49; Kaulava till 00:50 (+1); Taitila (past next sunrise),Krishna Paksha,Vaishakha,Paggu,19,,Parabhava,1948,09:18-10:53,14:02-15:36,06:09-07:44,12:02-12:52
2026-05-03,Sunday,06:09,18:45,20:14,06:58,K-Dwitiya till 03:02 (+1); K-Tritiya (past next sunrise),Vishakha till 07:10; Anuradha (past next sunrise),Variyan till 22:28; Parigha (past next sunrise),Taitila till 13:54; Garaja till 03:02 (+1); Vanija (past next sunrise),Krishna Paksha,Vaishakha,Paggu,20,,Parabhava,1948,17:11-18:45,12:27-14:02,15:36-17:11,12:02-12:52
2026-05-04,Monday,06:08,18:46,21:07,07:44,K-Tritiya till 05:24 (+1); K-Chaturthi (past next sunrise),Anuradha till 09:58; Jyeshtha (past next sunrise),Parigha till 23:20; Shiva (past next sunrise),Vanija till 16:12; Vishti till 05:24 (+1); Bava (past next sunrise),Krishna Paksha,Vaishakha,Paggu,21,,Parabhava,1948,07:43-09:18,10:52-12:27,14:02-15:36,12:02-12:52
2026-05-05,Tuesday,06:08,18:46,21:59,08:34,K-Chaturthi (past next sunrise),Jyeshtha till 12:55; Mula (past next sunrise),Shiva till 00:16 (+1); Siddha (past next sunrise),Bava till 18:38; Balava (past next sunrise),Krishna Paksha,Vaishakha,Paggu,22,,Parabhava,1948,15:36-17:11,09:17-10:52,12:27-14:02,12:02-12:52
2026-05-06,Wednesday,06:08,18:46,22:48,09:25,K-Chaturthi till 07:51; K-Panchami (past next sunrise),Mula till 15:54; Purva Ashadha (past next sunrise),Siddha till 01:12 (+1); Sadhya (past next sunrise),Balava till 07:51; Kaulava till 21:04; Taitila (past next sunrise),Krishna Paksha,Vaishakha,Paggu,23,,Parabhava,1948,12:27-14:02,07:42-09:17,10:52-12:27,12:01-12:52
2026-05-07,Thursday,06:07,18:46,23:36,10:18,K-Panchami till 10:14; K-Shashthi (past next sunrise),Purva Ashadha till 18:46; Uttara Ashadha (past next sunrise),Sadhya till 01:59 (+1); Shubha (past next sunrise),Taitila till 10:14; Garaja till 23:21; Vanija (past next sunrise),Krishna Paksha,Vaishakha,Paggu,24,,Parabhava,1948,14:02-15:36,06:07-07:42,09:17-10:52,12:01-12:52
2026-05-08,Friday,06:07,18:46,00:20 (+1),11:10,K-Shashthi till 12:22; K-Saptami (past next sunrise),Uttara Ashadha till 21:20; Shravana (past next sunrise),Shubha till 02:30 (+1); Shukla (past next sunrise),Vanija till 12:22; Vishti till 01:16 (+1); Bava (past next sunrise),Krishna Paksha,Vaishakha,Paggu,25,,Parabhava,1948,10:52-12:27,15:37-17:11,07:42-09:17,12:01-12:52
2026-05-09,Saturday,06:07,18:47,01:01 (+1),12:02,K-Saptami till 14:03; K-Ashtami (past next sunrise),Shravana till 23:24; Dhanishta (past next sunrise),Shukla till 02:35 (+1); Brahma (past next sunrise),Bava till 14:03; Balava till 02:40 (+1); Kaulava (past next sunrise),Krishna Paksha,Vaishakha,Paggu,26,,Parabhava,1948,09:17-10:52,14:02-15:37,06:07-07:42,12:01-12:52
2026-05-10,Sunday,06:06,18:47,01:41 (+1),12:53,K-Ashtami till 15:06; K-Navami (past next sunrise),Dhanishta till 00:50 (+1); Shatabhisha (past next sunrise),Brahma till 02:08 (+1); Indra (past next sunrise),Kaulava till 15:06; Taitila till 03:22 (+1); Garaja (past next sunrise),Krishna Paksha,Vaishakha,Paggu,27,,Parabhava,1948,17:12-18:47,12:27-14:02,15:37-17:12,12:01-12:52
2026-05-11,Monday,06:06,18:47,02:19 (+1),13:43,K-Navami till 15:24; K-Dashami (past next sunrise),Shatabhisha till 01:28 (+1); Purva Bhadrapada (past next sunrise),Indra till 01:04 (+1); Vaidhriti (past next sunrise),Garaja till 15:24; Vanija till 03:15 (+1); Vishti (past next sunrise),Krishna Paksha,Vaishakha,Paggu,28,,Parabhava,1948,07:41-09:16,10:51-12:27,14:02-15:37,12:01-12:52
2026-05-12,Tuesday,06:06,18:47,02:58 (+1),14:34,K-Dashami till 14:52; K-Ekadashi (past next sunrise),Purva Bhadrapada till 01:17 (+1); Uttara Bhadrapada (past next sunrise),Vaidhriti till 23:19; Vishkambha (past next sunrise),Vishti till 14:52; Bava till 02:17 (+1); Balava (past next sunrise),Krishna Paksha,Vaishakha,Paggu,29,,Parabhava,1948,15:37-17:12,09:16-10:51,12:26-14:02,12:01-12:52
2026-05-13,Wednesday,06:05,18:48,03:39 (+1),15:26,K-Ekadashi till 13:30; K-Dwadashi (past next sunrise),Uttara Bhadrapada till 00:17 (+1); Revati (past next sunrise),Vishkambha till 20:54; Priti (past next sunrise),Balava till 13:30; Kaulava till 00:31 (+1); Taitila (past next sunrise),Krishna Paksha,Vaishakha,Paggu,30,,Parabhava,1948,12:26-14:02,07:41-09:16,10:51-12:26,12:01-12:52
2026-05-14,Thursday,06:05,18:48,04:24 (+1),16:21,K-Dwadashi till 11:21; K-Trayodashi (past next sunrise),Revati till 22:34; Ashwini (past next sunrise),Priti till 17:53; Ayushman (past next sunrise),Taitila till 11:21; Garaja till 22:01; Vanija (past next sunrise),Krishna Paksha,Vaishakha,Paggu,31,,Parabhava,1948,14:02-15:37,06:05-07:40,09:16-10:51,12:01-12:52
2026-05-15,Friday,06:05,18:48,05:14 (+1),17:21,K-Trayodashi till 08:31; K-Chaturdashi till 05:11 (+1); K-Amavasya (past next sunrise),Ashwini till 20:15; Bharani (past next sunrise),Ayushman till 14:21; Saubhagya (past next sunrise),Vanija till 08:31; Vishti till 18:55; Shakuni till 05:11 (+1); Chatushpada (past next sunrise),Krishna Paksha,Vaishakha,Beshe,1,Vrishabha 06:22,Parabhava,1948,10:51-12:26,15:37-17:13,07:40-09:16,12:01-12:52
2026-05-16,Saturday,06:05,18:48,,18:25,K-Amavasya till 01:31 (+1); S-Pratipada (past next sunrise),Bharani till 17:30; Krittika (past next sunrise),Saubhagya till 10:25; Shobhana (past next sunrise),Chatushpada till 15:23; Naga till 01:31 (+1); Kimstughna (past next sunrise),Krishna Paksha,Vaishakha,Beshe,2,,Parabhava,1948,09:16-10:51,14:02-15:37,06:05-07:40,12:01-12:52
2026-05-17,Sunday,06:04,18:49,06:10,19:33,S-Pratipada till 21:41; S-Dwitiya (past next sunrise),Krittika till 14:32; Rohini (past next sunrise),Shobhana till 06:15; Atiganda till 01:59 (+1); Sukarma (past next sunrise),Kimstughna till 11:36; Bava till 21:41; Balava (past next sunrise),Shukla Paksha,Adhika Jyeshtha,Beshe,3,,Parabhava,1948,17:13-18:49,12:27-14:02,15:38-17:13,12:01-12:52
2026-05-18,Monday,06:04,18:49,07:12,20:42,S-Dwitiya till 17:53; S-Tritiya (past next sunrise),Rohini till 11:32; Mrigashira (past next sunrise),Sukarma till 21:48; Dhriti (past next sunrise),Balava till 07:46; Kaulava till 17:53; Taitila till 04:04 (+1); Garaja (past next sunrise),Shukla Paksha,Adhika Jyeshtha,Beshe,4,,Parabhava,1948,07:40-09:15,10:51-12:27,14:02-15:38,12:01-12:52
2026-05-19,Tuesday,06:04,18:49,08:19,21:48,S-Tritiya till 14:19; S-Chaturthi (past next sunrise),Mrigashira till 08:41; Ardra (past next sunrise),Dhriti till 17:48; Shula (past next sunrise),Garaja till 14:19; Vanija till 00:39 (+1); Vishti (past next sunrise),Shukla Paksha,Adhika Jyeshtha,Beshe,5,,Parabhava,1948,15:38-17:14,09:15-10:51,12:27-14:02,12:01-12:52
2026-05-20,Wednesday,06:04,18:49,09:26,22:47,S-Chaturthi till 11:07; S-Panchami (past next sunrise),Ardra till 06:12; Punarvasu till 04:12 (+1); Pushya (past next sunrise),Shula till 14:10; Ganda (past next sunrise),Vishti till 11:07; Bava till 21:42; Balava (past next sunrise),Shukla Paksha,Adhika Jyeshtha,Beshe,6,,Parabhava,1948,12:27-14:02,07:40-09:15,10:51-12:27,12:01-12:52
2026-05-21,Thursday,06:04,18:50,10:30,23:39,S-Panchami till 08:27; S-Shashthi (past next sunrise),Pushya till 02:49 (+1); Ashlesha (past next sunrise),Ganda till 10:58; Vriddhi (past next sunrise),Balava till 08:27; Kaulava till 19:21; Taitila (past next sunrise),Shukla Paksha,Adhika Jyeshtha,Beshe,7,,Parabhava,1948,14:02-15:38,06:04-07:39,09:15-10:51,12:01-12:52
2026-05-22,Friday,06:04,18:50,11:30,00:25 (+1),S-Shashthi till 06:25; S-Saptami till 05:04 (+1); S-Ashtami (past next sunrise),Ashlesha till 02:08 (+1); Magha (past next sunrise),Vriddhi till 08:18; Dhruva (past next sunrise),Taitila till 06:25; Garaja till 17:39; Vanija till 05:04 (+1); Vishti (past next sunrise),Shukla Paksha,Adhika Jyeshtha,Beshe,8,,Parabhava,1948,10:51-12:27,15:38-17:14,07:39-09:15,12:01-12:52
2026-05-23,Saturday,06:03,18:50,12:25,01:06 (+1),S-Ashtami till 04:27 (+1); S-Navami (past next sunrise),Magha till 02:09 (+1); Purva Phalguni (past next sunrise),Dhruva till 06:13; Vyaghata till 04:42 (+1); Harshana (past next sunrise),Vishti till 16:40; Bava till 04:27 (+1); Balava (past next sunrise),Shukla Paksha,Adhika Jyeshtha,Beshe,9,,Parabhava,1948,09:15-10:51,14:03-15:39,06:03-07:39,12:01-12:52
2026-05-24,Sunday,06:03,18:51,13:16,01:44 (+1),S-Navami till 04:31 (+1); S-Dashami (past next sunrise),Purva Phalguni till 02:51 (+1); Uttara Phalguni (past next sunrise),Harshana till 03:44 (+1); Vajra (past next sunrise),Balava till 16:24; Kaulava till 04:31 (+1); Taitila (past next sunrise),Shukla Paksha,Adhika Jyeshtha,Beshe,10,,Parabhava,1948,17:15-18:51,12:27-14:03,15:39-17:15,12:01-12:53
2026-05-25,Monday,06:03,18:51,14:05,02:21 (+1),S-Dashami till 05:11 (+1); S-Ekadashi (past next sunrise),Uttara Phalguni till 04:08 (+1); Hasta (past next sunrise),Vajra till 03:15 (+1); Siddhi (past next sunrise),Taitila till 16:47; Garaja till 05:11 (+1); Vanija (past next sunrise),Shukla Paksha,Adhika Jyeshtha,Beshe,11,,Parabhava,1948,07:39-09:15,10:51-12:27,14:03-15:39,12:01-12:53
2026-05-26,Tuesday,06:03,18:51,14:52,02:57 (+1),S-Ekadashi (past next sunrise),Hasta till 05:56 (+1); Chitra (past next sunrise),Siddhi till 03:10 (+1); Vyatipata (past next sunrise),Vanija till 17:43; Vishti (past next sunrise),Shukla Paksha,Adhika Jyeshtha,Beshe,12,,Parabhava,1948,15:39-17:15,09:15-10:51,12:27-14:03,12:02-12:53
2026-05-27,Wednesday,06:03,18:52,15:40,03:34 (+1),S-Ekadashi till 06:22; S-Dwadashi (past next sunrise),Chitra (past next sunrise),Vyatipata till 03:25 (+1); Variyan (past next sunrise),Vishti till 06:22; Bava till 19:07; Balava (past next sunrise),Shukla Paksha,Adhika Jyeshtha,Beshe,13,,Parabhava,1948,12:27-14:03,07:39-09:15,10:51-12:27,12:02-12:53
2026-05-28,Thursday,06:03,18:52,16:28,04:13 (+1),S-Dwadashi till 07:57; S-Trayodashi (past next sunrise),Chitra till 08:08; Swati (past next sunrise),Variyan till 03:54 (+1); Parigha (past next sunrise),Balava till 07:57; Kaulava till 20:52; Taitila (past next sunrise),Shukla Paksha,Adhika Jyeshtha,Beshe,14,,Parabhava,1948,14:03-15:40,06:03-07:39,09:15-10:51,12:02-12:53
2026-05-29,Friday,06:03,18:52,17:18,04:56 (+1),S-Trayodashi till 09:51; S-Chaturdashi (past next sunrise),Swati till 10:38; Vishakha (past next sunrise),Parigha till 04:35 (+1); Shiva (past next sunrise),Taitila till 09:51; Garaja till 22:53; Vanija (past next sunrise),Shukla Paksha,Adhika Jyeshtha,Beshe,15,,Parabhava,1948,10:51-12:28,15:40-17:16,07:39-09:15,12:02-12:53
2026-05-30,Saturday,06:03,18:52,18:09,05:41 (+1),S-Chaturdashi till 11:58; S-Purnima (past next sunrise),Vishakha till 13:20; Anuradha (past next sunrise),Shiva till 05:24 (+1); Siddha (past next sunrise),Vanija till 11:58; Vishti till 01:06 (+1); Bava (past next sunrise),Shukla Paksha,Adhika Jyeshtha,Beshe,16,,Parabhava,1948,09:15-10:51,14:04-15:40,06:03-07:39,12:02-12:53
2026-05-31,Sunday,06:03,18:53,19:02,,S-Purnima till 14:15; K-Pratipada (past next sunrise),Anuradha till 16:12; Jyeshtha (past next sunrise),Siddha (past next sunrise),Bava till 14:15; Balava till 03:26 (+1); Kaulava (past next sunrise),Shukla Paksha,Adhika Jyeshtha,Beshe,17,,Parabhava,1948,17:16-18:53,12:28-14:04,15:40-17:16,12:02-12:53
2026-06-01,Monday,06:03,18:53,19:54,06:30,K-Pratipada till 16:37; K-Dwitiya (past next sunrise),Jyeshtha till 19:08; Mula (past next sunrise),Siddha till 06:19; Sadhya (past next sunrise),Kaulava till 16:37; Taitila till 05:49 (+1); Garaja (past next sunrise),Krishna Paksha,Adhika Jyeshtha,Beshe,18,,Parabhava,1948,07:39-09:15,10:52-12:28,14:04-15:40,12:02-12:54
2026-06-02,Tuesday,06:03,18:53,20:44,07:21,K-Dwitiya till 19:01; K-Tritiya (past next sunrise),Mula till 22:06; Purva Ashadha (past next sunrise),Sadhya till 07:16; Shubha (past next sunrise),Garaja till 19:01; Vanija (past next sunrise),Krishna Paksha,Adhika Jyeshtha,Beshe,19,,Parabhava,1948,15:41-17:17,09:15-10:52,12:28-14:04,12:02-12:54
2026-06-03,Wednesday,06:03,18:54,21:32,08:13,K-Tritiya till 21:21; K-Chaturthi (past next sunrise),Purva Ashadha till 01:00 (+1); Uttara Ashadha (past next sunrise),Shubha till 08:12; Shukla (past next sunrise),Vanija till 08:12; Vishti till 21:21; Bava (past next sunrise),Krishna Paksha,Adhika Jyeshtha,Beshe,20,,Parabhava,1948,12:28-14:05,07:39-09:16,10:52-12:28,12:03-12:54
2026-06-04,Thursday,06:03,18:54,22:17,09:06,K-Chaturthi till 23:31; K-Panchami (past next sunrise),Uttara Ashadha till 03:41 (+1); Shravana (past next sunrise),Shukla till 09:03; Brahma (past next sunrise),Bava till 10:28; Balava till 23:31; Kaulava (past next sunrise),Krishna Paksha,Adhika Jyeshtha,Beshe,21,,Parabhava,1948,14:05-15:41,06:03-07:39,09:16-10:52,12:03-12:54
2026-06-05,Friday,06:03,18:54,22:59,09:57,K-Panchami till 01:20 (+1); K-Shashthi (past next sunrise),Shravana (past next sunrise),Brahma till 09:42; Indra (past next sunrise),Kaulava till 12:28; Taitila till 01:20 (+1); Garaja (past next sunrise),Krishna Paksha,Adhika Jyeshtha,Beshe,22,,Parabhava,1948,10:52-12:29,15:41-17:18,07:39-09:16,12:03-12:54
2026-06-06,Saturday,06:03,18:54,23:38,10:47,K-Shashthi till 02:41 (+1); K-Saptami (past next sunrise),Shravana till 06:03; Dhanishta (past next sunrise),Indra till 10:04; Vaidhriti (past next sunrise),Garaja till 14:05; Vanija till 02:41 (+1); Vishti (past next sunrise),Krishna Paksha,Adhika Jyeshtha,Beshe,23,,Parabhava,1948,09:16-10:52,14:05-15:42,06:03-07:39,12:03-12:54
2026-06-07,Sunday,06:03,18:55,00:16 (+1),11:36,K-Saptami till 03:25 (+1); K-Ashtami (past next sunrise),Dhanishta till 07:55; Shatabhisha (past next sunrise),Vaidhriti till 10:01; Vishkambha (past next sunrise),Vishti till 15:08; Bava till 03:25 (+1); Balava (past next sunrise),Krishna Paksha,Adhika Jyeshtha,Beshe,24,,Parabhava,1948,17:18-18:55,12:29-14:05,15:42-17:18,12:03-12:55
2026-06-08,Monday,06:03,18:55,00:54 (+1),12:25,K-Ashtami till 03:24 (+1); K-Navami (past next sunrise),Shatabhisha till 09:10; Purva Bhadrapada (past next sunrise),Vishkambha till 09:28; Priti (past next sunrise),Balava till 15:30; Kaulava till 03:24 (+1); Taitila (past next sunrise),Krishna Paksha,Adhika Jyeshtha,Beshe,25,,Parabhava,1948,07:40-09:16,10:53-12:29,14:06-15:42,12:03-12:55
2026-06-09,Tuesday,06:03,18:55,01:32 (+1),13:15,K-Navami till 02:35 (+1); K-Dashami (past next sunrise),Purva Bhadrapada till 09:39; Uttara Bhadrapada (past next sunrise),Priti till 08:18; Ayushman (past next sunrise),Taitila till 15:05; Garaja till 02:35 (+1); Vanija (past next sunrise),Krishna Paksha,Adhika Jyeshtha,Beshe,26,,Parabhava,1948,15:42-17:19,09:16-10:53,12:29-14:06,12:04-12:55
2026-06-10,Wednesday,06:03,18:56,02:14 (+1),14:07,K-Dashami till 00:58 (+1); K-Ekadashi (past next sunrise),Uttara Bhadrapada till 09:21; Revati (past next sunrise),Ayushman till 06:30; Saubhagya till 04:03 (+1); Shobhana (past next sunrise),Vanija till 13:52; Vishti till 00:58 (+1); Bava (past next sunrise),Krishna Paksha,Adhika Jyeshtha,Beshe,27,,Parabhava,1948,12:30-14:06,07:40-09:16,10:53-12:30,12:04-12:55
2026-06-11,Thursday,06:03,18:56,03:00 (+1),15:03,K-Ekadashi till 22:36; K-Dwadashi (past next sunrise),Revati till 08:16; Ashwini (past next sunrise),Shobhana till 01:00 (+1); Atiganda (past next sunrise),Bava till 11:52; Balava till 22:36; Kaulava (past next sunrise),Krishna Paksha,Adhika Jyeshtha,Beshe,28,,Parabhava,1948,14:06-15:43,06:03-07:40,09:17-10:53,12:04-12:55
2026-06-12,Friday,06:04,18:56,03:51 (+1),16:04,K-Dwadashi till 19:37; K-Trayodashi (past next sunrise),Ashwini till 06:28; Bharani till 04:05 (+1); Krittika (past next sunrise),Atiganda till 21:26; Sukarma (past next sunrise),Kaulava till 09:11; Taitila till 19:37; Garaja till 05:55 (+1); Vanija (past next sunrise),Krishna Paksha,Adhika Jyeshtha,Beshe,29,,Parabhava,1948,10:53-12:30,15:43-17:20,07:40-09:17,12:04-12:56
2026-06-13,Saturday,06:04,18:56,04:50 (+1),17:09,K-Trayodashi till 16:08; K-Chaturdashi (past next sunrise),Krittika till 01:17 (+1); Rohini (past next sunrise),Sukarma till 17:28; Dhriti (past next sunrise),Vanija till 16:08; Vishti till 02:15 (+1); Shakuni (past next sunrise),Krishna Paksha,Adhika Jyeshtha,Beshe,30,,Parabhava,1948,09:17-10:54,14:07-15:43,06:04-07:40,12:04-12:56
2026-06-14,Sunday,06:04,18:57,05:56 (+1),18:18,K-Chaturdashi till 12:20; K-Amavasya (past next sunrise),Rohini till 22:14; Mrigashira (past next sunrise),Dhriti till 13:15; Shula (past next sunrise),Shakuni till 12:20; Chatushpada till 22:22; Naga (past next sunrise),Krishna Paksha,Adhika Jyeshtha,Beshe,31,,Parabhava,1948,17:20-18:57,12:30-14:07,15:44-17:20,12:05-12:56
2026-06-15,Monday,06:04,18:57,,19:27,K-Amavasya till 08:24; S-Pratipada till 04:31 (+1); S-Dwitiya (past next sunrise),Mrigashira till 19:08; Ardra (past next sunrise),Shula till 08:55; Ganda till 04:39 (+1); Vriddhi (past next sunrise),Naga till 08:24; Kimstughna till 18:26; Bava till 04:31 (+1); Balava (past next sunrise),Krishna Paksha,Adhika Jyeshtha,Kartel,1,Mithuna 12:52,Parabhava,1948,07:41-09:17,10:54-12:31,14:07-15:44,12:05-12:56
2026-06-16,Tuesday,06:04,18:57,07:04,20:31,S-Dwitiya till 00:53 (+1); S-Tritiya (past next sunrise),Ardra till 16:12; Punarvasu (past next sunrise),Vriddhi till 00:34 (+1); Dhruva (past next sunrise),Balava till 14:39; Kaulava till 00:53 (+1); Taitila (past next sunrise),Shukla Paksha,Jyeshtha,Kartel,2,,Parabhava,1948,15:44-17:21,09:18-10:54,12:31-14:07,12:05-12:57
2026-06-17,Wednesday,06:04,18:58,08:12,21:28,S-Tritiya till 21:39; S-Chaturthi (past next sunrise),Punarvasu till 13:37; Pushya (past next sunrise),Dhruva till 20:51; Vyaghata (past next sunrise),Taitila till 11:12; Garaja till 21:39; Vanija (past next sunrise),Shukla Paksha,Jyeshtha,Kartel,3,,Parabhava,1948,12:31-14:08,07:41-09:18,10:54-12:31,12:05-12:57
2026-06-18,Thursday,06:05,18:58,09:16,22:18,S-Chaturthi till 18:59; S-Panchami (past next sunrise),Pushya till 11:32; Ashlesha (past next sunrise),Vyaghata till 17:35; Harshana (past next sunrise),Vanija till 08:14; Vishti till 18:59; Bava till 05:54 (+1); Balava (past next sunrise),Shukla Paksha,Jyeshtha,Kartel,4,,Parabhava,1948,14:08-15:44,06:05-07:41,09:18-10:55,12:05-12:57
2026-06-19,Friday,06:05,18:58,10:15,23:03,S-Panchami till 17:00; S-Shashthi (past next sunrise),Ashlesha till 10:07; Magha (past next sunrise),Harshana till 14:53; Vajra (past next sunrise),Balava till 17:00; Kaulava till 04:17 (+1); Taitila (past next sunrise),Shukla Paksha,Jyeshtha,Kartel,5,,Parabhava,1948,10:55-12:31,15:45-17:21,07:41-09:18,12:06-12:57
2026-06-20,Saturday,06:05,18:58,11:09,23:43,S-Shashthi till 15:47; S-Saptami (past next sunrise),Magha till 09:26; Purva Phalguni (past next sunrise),Vajra till 12:48; Siddhi (past next sunrise),Taitila till 15:47; Garaja till 03:28 (+1); Vanija (past next sunrise),Shukla Paksha,Jyeshtha,Kartel,6,,Parabhava,1948,09:18-10:55,14:08-15:45,06:05-07:42,12:06-12:57
2026-06-21,Sunday,06:05,18:58,12:00,00:20 (+1),S-Saptami till 15:21; S-Ashtami (past next sunrise),Purva Phalguni till 09:31; Uttara Phalguni (past next sunrise),Siddhi till 11:21; Vyatipata (past next sunrise),Vanija till 15:21; Vishti till 03:25 (+1); Bava (past next sunrise),Shukla Paksha,Jyeshtha,Kartel,7,,Parabhava,1948,17:22-18:58,12:32-14:09,15:45-17:22,12:06-12:58
2026-06-22,Monday,06:05,18:59,12:49,00:57 (+1),S-Ashtami till 15:40; S-Navami (past next sunrise),Uttara Phalguni till 10:22; Hasta (past next sunrise),Vyatipata till 10:31; Variyan (past next sunrise),Bava till 15:40; Balava till 04:05 (+1); Kaulava (past next sunrise),Shukla Paksha,Jyeshtha,Kartel,8,,Parabhava,1948,07:42-09:19,10:55-12:32,14:09-15:45,12:06-12:58
2026-06-23,Tuesday,06:06,18:59,13:37,01:34 (+1),S-Navami till 16:40; S-Dashami (past next sunrise),Hasta till 11:54; Chitra (past next sunrise),Variyan till 10:13; Parigha (past next sunrise),Kaulava till 16:40; Taitila till 05:22 (+1); Garaja (past next sunrise),Shukla Paksha,Jyeshtha,Kartel,9,,Parabhava,1948,15:46-17:22,09:19-10:56,12:32-14:09,12:07-12:58
2026-06-24,Wednesday,06:06,18:59,14:25,02:13 (+1),S-Dashami till 18:12; S-Ekadashi (past next sunrise),Chitra till 13:59; Swati (past next sunrise),Parigha till 10:23; Shiva (past next sunrise),Garaja till 18:12; Vanija (past next sunrise),Shukla Paksha,Jyeshtha,Kartel,10,,Parabhava,1948,12:32-14:09,07:43-09:19,10:56-12:32,12:07-12:58
2026-06-25,Thursday,06:06,18:59,15:14,02:54 (+1),S-Ekadashi till 20:09; S-Dwadashi (past next sunrise),Swati till 16:29; Vishakha (past next sunrise),Shiva till 10:53; Siddha (past next sunrise),Vanija till 07:08; Vishti till 20:09; Bava (past next sunrise),Shukla Paksha,Jyeshtha,Kartel,11,,Parabhava,1948,14:09-15:46,06:06-07:43,09:19-10:56,12:07-12:58
2026-06-26,Friday,06:06,18:59,16:05,03:38 (+1),S-Dwadashi till 22:22; S-Trayodashi (past next sunrise),Vishakha till 19:16; Anuradha (past next sunrise),Siddha till 11:38; Sadhya (past next sunrise),Bava till 09:14; Balava till 22:22; Kaulava (past next sunrise),Shukla Paksha,Jyeshtha,Kartel,12,,Parabhava,1948,10:56-12:33,15:46-17:23,07:43-09:20,12:07-12:59
2026-06-27,Saturday,06:07,19:00,16:57,04:26 (+1),S-Trayodashi till 00:43 (+1); S-Chaturdashi (past next sunrise),Anuradha till 22:11; Jyeshtha (past next sunrise),Sadhya till 12:32; Shubha (past next sunrise),Kaulava till 11:32; Taitila till 00:43 (+1); Garaja (past next sunrise),Shukla Paksha,Jyeshtha,Kartel,13,,Parabhava,1948,09:20-10:56,14:10-15:46,06:07-07:43,12:07-12:59
2026-06-28,Sunday,06:07,19:00,17:50,05:17 (+1),S-Chaturdashi till 03:06 (+1); S-Purnima (past next sunrise),Jyeshtha till 01:09 (+1); Mula (past next sunrise),Shubha till 13:29; Shukla (past next sunrise),Garaja till 13:55; Vanija till 03:06 (+1); Vishti (past next sunrise),Shukla Paksha,Jyeshtha,Kartel,14,,Parabhava,1948,17:23-19:00,12:33-14:10,15:47-17:23,12:08-12:59
2026-06-29,Monday,06:07,19:00,18:41,,S-Purnima till 05:26 (+1); K-Pratipada (past next sunrise),Mula till 04:03 (+1); Purva Ashadha (past next sunrise),Shukla till 14:26; Brahma (past next sunrise),Vishti till 16:17; Bava till 05:26 (+1); Balava (past next sunrise),Shukla Paksha,Jyeshtha,Kartel,15,,Parabhava,1948,07:44-09:20,10:57-12:34,14:10-15:47,12:08-12:59
2026-06-30,Tuesday,06:07,19:00,19:30,06:09,K-Pratipada (past next sunrise),Purva Ashadha (past next sunrise),Brahma till 15:19; Indra (past next sunrise),Balava till 18:33; Kaulava (past next sunrise),Krishna Paksha,Jyeshtha,Kartel,16,,Parabhava,1948,15:47-17:23,09:21-10:57,12:34-14:10,12:08-12:59
2026-07-01,Wednesday,06:08,19:00,20:16,07:02,K-Pratipada till 07:38; K-Dwitiya (past next sunrise),Purva Ashadha till 06:51; Uttara Ashadha (past next sunrise),Indra till 16:04; Vaidhriti (past next sunrise),Kaulava till 07:38; Taitila till 20:40; Garaja (past next sunrise),Krishna Paksha,Jyeshtha,Kartel,17,,Parabhava,1948,12:34-14:10,07:44-09:21,10:57-12:34,12:08-13:00
2026-07-02,Thursday,06:08,19:00,20:58,07:53,K-Dwitiya till 09:38; K-Tritiya (past next sunrise),Uttara Ashadha till 09:27; Shravana (past next sunrise),Vaidhriti till 16:39; Vishkambha (past next sunrise),Garaja till 09:38; Vanija till 22:32; Vishti (past next sunrise),Krishna Paksha,Jyeshtha,Kartel,18,,Parabhava,1948,14:11-15:47,06:08-07:44,09:21-10:58,12:08-13:00
2026-07-03,Friday,06:08,19:00,21:38,08:44,K-Tritiya till 11:20; K-Chaturthi (past next sunrise),Shravana till 11:46; Dhanishta (past next sunrise),Vishkambha till 16:59; Priti (past next sunrise),Vishti till 11:20; Bava till 00:03 (+1); Balava (past next sunrise),Krishna Paksha,Jyeshtha,Kartel,19,,Parabhava,1948,10:58-12:34,15:47-17:24,07:45-09:21,12:09-13:00
2026-07-04,Saturday,06:08,19:00,22:16,09:33,K-Chaturthi till 12:40; K-Panchami (past next sunrise),Dhanishta till 13:44; Shatabhisha (past next sunrise),Priti till 17:01; Ayushman (past next sunrise),Balava till 12:40; Kaulava till 01:09 (+1); Taitila (past next sunrise),Krishna Paksha,Jyeshtha,Kartel,20,,Parabhava,1948,09:21-10:58,14:11-15:47,06:08-07:45,12:09-13:00
2026-07-05,Sunday,06:09,19:01,22:53,10:22,K-Panchami till 13:31; K-Shashthi (past next sunrise),Shatabhisha till 15:12; Purva Bhadrapada (past next sunrise),Ayushman till 16:40; Saubhagya (past next sunrise),Taitila till 13:31; Garaja till 01:44 (+1); Vanija (past next sunrise),Krishna Paksha,Jyeshtha,Kartel,21,,Parabhava,1948,17:24-19:01,12:35-14:11,15:48-17:24,12:09-13:00
2026-07-06,Monday,06:09,19:01,23:30,11:10,K-Shashthi till 13:47; K-Saptami (past next sunrise),Purva Bhadrapada till 16:07; Uttara Bhadrapada (past next sunrise),Saubhagya till 15:51; Shobhana (past next sunrise),Vanija till 13:47; Vishti till 01:41 (+1); Bava (past next sunrise),Krishna Paksha,Jyeshtha,Kartel,22,,Parabhava,1948,07:45-09:22,10:58-12:35,14:11-15:48,12:09-13:01
2026-07-07,Tuesday,06:09,19:01,00:09 (+1),12:00,K-Saptami till 13:25; K-Ashtami (past next sunrise),Uttara Bhadrapada till 16:24; Revati (past next sunrise),Shobhana till 14:31; Atiganda (past next sunrise),Bava till 13:25; Balava till 00:59 (+1); Kaulava (past next sunrise),Krishna Paksha,Jyeshtha,Kartel,23,,Parabhava,1948,15:48-17:24,09:22-10:59,12:35-14:11,12:09-13:01
2026-07-08,Wednesday,06:10,19:01,00:52 (+1),12:53,K-Ashtami till 12:22; K-Navami (past next sunrise),Revati till 16:00; Ashwini (past next sunrise),Atiganda till 12:38; Sukarma (past next sunrise),Kaulava till 12:22; Taitila till 23:35; Garaja (past next sunrise),Krishna Paksha,Jyeshtha,Kartel,24,,Parabhava,1948,12:35-14:11,07:46-09:22,10:59-12:35,12:09-13:01
2026-07-09,Thursday,06:10,19:01,01:39 (+1),13:49,K-Navami till 10:38; K-Dashami (past next sunrise),Ashwini till 14:56; Bharani (past next sunrise),Sukarma till 10:12; Dhriti (past next sunrise),Garaja till 10:38; Vanija till 21:32; Vishti (past next sunrise),Krishna Paksha,Jyeshtha,Kartel,25,,Parabhava,1948,14:12-15:48,06:10-07:46,09:23-10:59,12:10-13:01
2026-07-10,Friday,06:10,19:01,02:33 (+1),14:51,K-Dashami till 08:16; K-Ekadashi till 05:23 (+1); K-Dwadashi (past next sunrise),Bharani till 13:15; Krittika (past next sunrise),Dhriti till 07:14; Shula till 03:50 (+1); Ganda (past next sunrise),Vishti till 08:16; Bava till 18:53; Balava till 05:23 (+1); Kaulava (past next sunrise),Krishna Paksha,Jyeshtha,Kartel,26,,Parabhava,1948,10:59-12:35,15:48-17:24,07:46-09:23,12:10-13:01
2026-07-11,Saturday,06:10,19:01,03:34 (+1),15:56,K-Dwadashi till 02:04 (+1); K-Trayodashi (past next sunrise),Krittika till 11:03; Rohini (past next sunrise),Ganda till 00:05 (+1); Vriddhi (past next sunrise),Kaulava till 15:46; Taitila till 02:04 (+1); Garaja (past next sunrise),Krishna Paksha,Jyeshtha,Kartel,27,,Parabhava,1948,09:23-10:59,14:12-15:48,06:10-07:47,12:10-13:01
2026-07-12,Sunday,06:11,19:01,04:41 (+1),17:04,K-Trayodashi till 22:30; K-Chaturdashi (past next sunrise),Rohini till 08:29; Mrigashira till 05:41 (+1); Ardra (past next sunrise),Vriddhi till 20:06; Dhruva (past next sunrise),Garaja till 12:18; Vanija till 22:30; Vishti (past next sunrise),Krishna Paksha,Jyeshtha,Kartel,28,,Parabhava,1948,17:24-19:01,12:36-14:12,15:48-17:24,12:10-13:01
2026-07-13,Monday,06:11,19:01,05:49 (+1),18:10,K-Chaturdashi till 18:49; K-Amavasya (past next sunrise),Ardra till 02:51 (+1); Punarvasu (past next sunrise),Dhruva till 16:00; Vyaghata (past next sunrise),Vishti till 08:40; Shakuni till 18:49; Chatushpada till 05:00 (+1); Naga (past next sunrise),Krishna Paksha,Jyeshtha,Kartel,29,,Parabhava,1948,07:47-09:23,11:00-12:36,14:12-15:48,12:10-13:01
2026-07-14,Tuesday,06:11,19:01,,19:11,K-Amavasya till 15:13; S-Pratipada (past next sunrise),Punarvasu till 00:09 (+1); Pushya (past next sunrise),Vyaghata till 11:57; Harshana (past next sunrise),Naga till 15:13; Kimstughna till 01:30 (+1); Bava (past next sunrise),Krishna Paksha,Jyeshtha,Kartel,30,,Parabhava,1948,15:48-17:24,09:24-11:00,12:36-14:12,12:10-13:02
2026-07-15,Wednesday,06:12,19:00,06:56,20:05,S-Pratipada till 11:51; S-Dwitiya (past next sunrise),Pushya till 21:46; Ashlesha (past next sunrise),Harshana till 08:04; Vajra till 04:30 (+1); Siddhi (past next sunrise),Bava till 11:51; Balava till 22:18; Kaulava (past next sunrise),Shukla Paksha,Ashadha,Kartel,31,,Parabhava,1948,12:36-14:12,07:48-09:24,11:00-12:36,12:10-13:02
2026-07-16,Thursday,06:12,19:00,07:59,20:53,S-Dwitiya till 08:53; S-Tritiya (past next sunrise),Ashlesha till 19:52; Magha (past next sunrise),Siddhi till 01:22 (+1); Vyatipata (past next sunrise),Kaulava till 08:53; Taitila till 19:36; Garaja (past next sunrise),Shukla Paksha,Ashadha,Kartel,32,Karka 23:39,Parabhava,1948,14:12-15:48,06:12-07:48,09:24-11:00,12:11-13:02
2026-07-17,Friday,06:12,19:00,08:57,21:37,S-Tritiya till 06:28; S-Chaturthi till 04:43 (+1); S-Panchami (past next sunrise),Magha till 18:35; Purva Phalguni (past next sunrise),Vyatipata till 22:46; Variyan (past next sunrise),Garaja till 06:28; Vanija till 17:30; Vishti till 04:43 (+1); Bava (past next sunrise),Shukla Paksha,Ashadha,Aati,1,,Parabhava,1948,11:00-12:36,15:48-17:24,07:48-09:24,12:11-13:02
2026-07-18,Saturday,06:12,19:00,09:50,22:16,S-Panchami till 03:43 (+1); S-Shashthi (past next sunrise),Purva Phalguni till 18:00; Uttara Phalguni (past next sunrise),Variyan till 20:45; Parigha (past next sunrise),Bava till 16:07; Balava till 03:43 (+1); Kaulava (past next sunrise),Shukla Paksha,Ashadha,Aati,2,,Parabhava,1948,09:24-11:00,14:12-15:48,06:12-07:48,12:11-13:02
2026-07-19,Sunday,06:13,19:00,10:41,22:54,S-Shashthi till 03:30 (+1); S-Saptami (past next sunrise),Uttara Phalguni till 18:12; Hasta (past next sunrise),Parigha till 19:23; Shiva (past next sunrise),Kaulava till 15:31; Taitila till 03:30 (+1); Garaja (past next sunrise),Shukla Paksha,Ashadha,Aati,3,,Parabhava,1948,17:24-19:00,12:36-14:12,15:48-17:24,12:11-13:02
2026-07-20,Monday,06:13,19:00,11:31,23:32,S-Saptami till 04:03 (+1); S-Ashtami (past next sunrise),Hasta till 19:09; Chitra (past next sunrise),Shiva till 18:37; Siddha (past next sunrise),Garaja till 15:41; Vanija till 04:03 (+1); Vishti (past next sunrise),Shukla Paksha,Ashadha,Aati,4,,Parabhava,1948,07:49-09:25,11:01-12:36,14:12-15:48,12:11-13:02
2026-07-21,Tuesday,06:13,19:00,12:20,00:11 (+1),S-Ashtami till 05:17 (+1); S-Navami (past next sunrise),Chitra till 20:49; Swati (past next sunrise),Siddha till 18:25; Sadhya (past next sunrise),Vishti till 16:35; Bava till 05:17 (+1); Balava (past next sunrise),Shukla Paksha,Ashadha,Aati,5,,Parabhava,1948,15:48-17:24,09:25-11:01,12:36-14:12,12:11-13:02
2026-07-22,Wednesday,06:13,19:00,13:09,00:51 (+1),S-Navami (past next sunrise),Swati till 23:03; Vishakha (past next sunrise),Sadhya till 18:42; Shubha (past next sunrise),Balava till 18:06; Kaulava (past next sunrise),Shukla Paksha,Ashadha,Aati,6,,Parabhava,1948,12:37-14:12,07:49-09:25,11:01-12:37,12:11-13:02
2026-07-23,Thursday,06:14,18:59,14:00,01:35 (+1),S-Navami till 07:03; S-Dashami (past next sunrise),Vishakha till 01:42 (+1); Anuradha (past next sunrise),Shubha till 19:20; Shukla (past next sunrise),Kaulava till 07:03; Taitila till 20:06; Garaja (past next sunrise),Shukla Paksha,Ashadha,Aati,7,,Parabhava,1948,14:12-15:48,06:14-07:49,09:25-11:01,12:11-13:02
2026-07-24,Friday,06:14,18:59,14:52,02:22 (+1),S-Dashami till 09:13; S-Ekadashi (past next sunrise),Anuradha till 04:36 (+1); Jyeshtha (past next sunrise),Shukla till 20:11; Brahma (past next sunrise),Garaja till 09:13; Vanija till 22:23; Vishti (past next sunrise),Shukla Paksha,Ashadha,Aati,8,,Parabhava,1948,11:01-12:37,15:48-17:24,07:50-09:25,12:11-13:02
2026-07-25,Saturday,06:14,18:59,15:44,03:11 (+1),S-Ekadashi till 11:34; S-Dwadashi (past next sunrise),Jyeshtha (past next sunrise),Brahma till 21:08; Indra (past next sunrise),Vishti till 11:34; Bava till 00:46 (+1); Balava (past next sunrise),Shukla Paksha,Ashadha,Aati,9,,Parabhava,1948,09:25-11:01,14:12-15:48,06:14-07:50,12:11-13:02
2026-07-26,Sunday,06:14,18:59,16:36,04:03 (+1),S-Dwadashi till 13:58; S-Trayodashi (past next sunrise),Jyeshtha till 07:34; Mula (past next sunrise),Indra till 22:05; Vaidhriti (past next sunrise),Balava till 13:58; Kaulava till 03:08 (+1); Taitila (past next sunrise),Shukla Paksha,Ashadha,Aati,10,,Parabhava,1948,17:23-18:59,12:37-14:12,15:48-17:23,12:11-13:02
2026-07-27,Monday,06:15,18:59,17:26,04:56 (+1),S-Trayodashi till 16:15; S-Chaturdashi (past next sunrise),Mula till 10:28; Purva Ashadha (past next sunrise),Vaidhriti till 22:54; Vishkambha (past next sunrise),Taitila till 16:15; Garaja till 05:19 (+1); Vanija (past next sunrise),Shukla Paksha,Ashadha,Aati,11,,Parabhava,1948,07:50-09:26,11:01-12:37,14:12-15:48,12:11-13:02
2026-07-28,Tuesday,06:15,18:58,18:13,05:49 (+1),S-Chaturdashi till 18:19; S-Purnima (past next sunrise),Purva Ashadha till 13:11; Uttara Ashadha (past next sunrise),Vishkambha till 23:33; Priti (past next sunrise),Vanija till 18:19; Vishti (past next sunrise),Shukla Paksha,Ashadha,Aati,12,,Parabhava,1948,15:47-17:23,09:26-11:01,12:37-14:12,12:11-13:02
2026-07-29,Wednesday,06:15,18:58,18:57,,S-Purnima till 20:05; K-Pratipada (past next sunrise),Uttara Ashadha till 15:37; Shravana (past next sunrise),Priti till 23:57; Ayushman (past next sunrise),Vishti till 07:15; Bava till 20:05; Balava (past next sunrise),Shukla Paksha,Ashadha,Aati,13,,Parabhava,1948,12:37-14:12,07:50-09:26,11:01-12:37,12:11-13:02
2026-07-30,Thursday,06:15,18:58,19:38,06:40,K-Pratipada till 21:30; K-Dwitiya (past next sunrise),Shravana till 17:43; Dhanishta (past next sunrise),Ayushman till 00:05 (+1); Saubhagya (past next sunrise),Balava till 08:51; Kaulava till 21:30; Taitila (past next sunrise),Krishna Paksha,Ashadha,Aati,14,,Parabhava,1948,14:12-15:47,06:15-07:51,09:26-11:01,12:11-13:02
2026-07-31,Friday,06:16,18:57,20:17,07:30,K-Dwitiya till 22:32; K-Tritiya (past next sunrise),Dhanishta till 19:27; Shatabhisha (past next sunrise),Saubhagya till 23:54; Shobhana (past next sunrise),Taitila till 10:04; Garaja till 22:32; Vanija (past next sunrise),Krishna Paksha,Ashadha,Aati,15,,Parabhava,1948,11:01-12:36,15:47-17:22,07:51-09:26,12:11-13:02
2026-08-01,Saturday,06:16,18:57,20:54,08:20,K-Tritiya till 23:07; K-Chaturthi (past next sunrise),Shatabhisha till 20:45; Purva Bhadrapada (past next sunrise),Shobhana till 23:23; Atiganda (past next sunrise),Vanija till 10:53; Vishti till 23:07; Bava (past next sunrise),Krishna Paksha,Ashadha,Aati,16,,Parabhava,1948,09:26-11:01,14:12-15:47,06:16-07:51,12:11-13:02
2026-08-02,Sunday,06:16,18:57,21:31,09:08,K-Chaturthi till 23:15; K-Panchami (past next sunrise),Purva Bhadrapada till 21:37; Uttara Bhadrapada (past next sunrise),Atiganda till 22:29; Sukarma (past next sunrise),Bava till 11:15; Balava till 23:15; Kaulava (past next sunrise),Krishna Paksha,Ashadha,Aati,17,,Parabhava,1948,17:22-18:57,12:36-14:11,15:47-17:22,12:11-13:02
2026-08-03,Monday,06:16,18:56,22:09,09:58,K-Panchami till 22:54; K-Shashthi (past next sunrise),Uttara Bhadrapada till 22:00; Revati (past next sunrise),Sukarma till 21:13; Dhriti (past next sunrise),Kaulava till 11:08; Taitila till 22:54; Garaja (past next sunrise),Krishna Paksha,Ashadha,Aati,18,,Parabhava,1948,07:51-09:26,11:01-12:36,14:11-15:46,12:11-13:02
2026-08-04,Tuesday,06:16,18:56,22:50,10:49,K-Shashthi till 22:03; K-Saptami (past next sunrise),Revati till 21:54; Ashwini (past next sunrise),Dhriti till 19:33; Shula (past next sunrise),Garaja till 10:32; Vanija till 22:03; Vishti (past next sunrise),Krishna Paksha,Ashadha,Aati,19,,Parabhava,1948,15:46-17:21,09:26-11:01,12:36-14:11,12:11-13:01
2026-08-05,Wednesday,06:16,18:56,23:35,11:43,K-Saptami till 20:42; K-Ashtami (past next sunrise),Ashwini till 21:18; Bharani (past next sunrise),Shula till 17:29; Ganda (past next sunrise),Vishti till 09:26; Bava till 20:42; Balava (past next sunrise),Krishna Paksha,Ashadha,Aati,20,,Parabhava,1948,12:36-14:11,07:51-09:26,11:01-12:36,12:11-13:01
2026-08-06,Thursday,06:17,18:55,00:25 (+1),12:41,K-Ashtami till 18:53; K-Navami (past next sunrise),Bharani till 20:13; Krittika (past next sunrise),Ganda till 15:00; Vriddhi (past next sunrise),Balava till 07:51; Kaulava till 18:53; Taitila till 05:48 (+1); Garaja (past next sunrise),Krishna Paksha,Ashadha,Aati,21,,Parabhava,1948,14:11-15:46,06:17-07:51,09:26-11:01,12:11-13:01
2026-08-07,Friday,06:17,18:55,01:21 (+1),13:43,K-Navami till 16:37; K-Dashami (past next sunrise),Krittika till 18:43; Rohini (past next sunrise),Vriddhi till 12:11; Dhruva (past next sunrise),Garaja till 16:37; Vanija till 03:21 (+1); Vishti (past next sunrise),Krishna Paksha,Ashadha,Aati,22,,Parabhava,1948,11:01-12:36,15:45-17:20,07:52-09:26,12:11-13:01
2026-08-08,Saturday,06:17,18:54,02:23 (+1),14:48,K-Dashami till 13:59; K-Ekadashi (past next sunrise),Rohini till 16:51; Mrigashira (past next sunrise),Dhruva till 09:02; Vyaghata till 05:38 (+1); Harshana (past next sunrise),Vishti till 13:59; Bava till 00:34 (+1); Balava (past next sunrise),Krishna Paksha,Ashadha,Aati,23,,Parabhava,1948,09:26-11:01,14:10-15:45,06:17-07:52,12:10-13:01
2026-08-09,Sunday,06:17,18:54,03:29 (+1),15:53,K-Ekadashi till 11:05; K-Dwadashi (past next sunrise),Mrigashira till 14:43; Ardra (past next sunrise),Harshana till 02:04 (+1); Vajra (past next sunrise),Balava till 11:05; Kaulava till 21:34; Taitila (past next sunrise),Krishna Paksha,Ashadha,Aati,24,,Parabhava,1948,17:19-18:54,12:36-14:10,15:45-17:19,12:10-13:01
2026-08-10,Monday,06:17,18:54,04:36 (+1),16:55,K-Dwadashi till 08:01; K-Trayodashi till 04:54 (+1); K-Chaturdashi (past next sunrise),Ardra till 12:27; Punarvasu (past next sunrise),Vajra till 22:26; Siddhi (past next sunrise),Taitila till 08:01; Garaja till 18:27; Vanija till 04:54 (+1); Vishti (past next sunrise),Krishna Paksha,Ashadha,Aati,25,,Parabhava,1948,07:52-09:26,11:01-12:35,14:10-15:44,12:10-13:01
2026-08-11,Tuesday,06:17,18:53,05:40 (+1),17:51,K-Chaturdashi till 01:53 (+1); K-Amavasya (past next sunrise),Punarvasu till 10:09; Pushya (past next sunrise),Siddhi till 18:51; Vyatipata (past next sunrise),Vishti till 15:22; Shakuni till 01:53 (+1); Chatushpada (past next sunrise),Krishna Paksha,Ashadha,Aati,26,,Parabhava,1948,15:44-17:19,09:26-11:01,12:35-14:10,12:10-13:00
2026-08-12,Wednesday,06:18,18:53,,18:42,K-Amavasya till 23:06; S-Pratipada (past next sunrise),Pushya till 07:59; Ashlesha till 06:06 (+1); Magha (past next sunrise),Vyatipata till 15:25; Variyan (past next sunrise),Chatushpada till 12:27; Naga till 23:06; Kimstughna (past next sunrise),Krishna Paksha,Ashadha,Aati,27,,Parabhava,1948,12:35-14:09,07:52-09:26,11:01-12:35,12:10-13:00
2026-08-13,Thursday,06:18,18:52,06:40,19:27,S-Pratipada till 20:41; S-Dwitiya (past next sunrise),Magha till 04:38 (+1); Purva Phalguni (past next sunrise),Variyan till 12:16; Parigha (past next sunrise),Kimstughna till 09:50; Bava till 20:41; Balava (past next sunrise),Shukla Paksha,Shravana,Aati,28,,Parabhava,1948,14:09-15:44,06:18-07:52,09:26-11:01,12:10-13:00
2026-08-14,Friday,06:18,18:52,07:36,20:09,S-Dwitiya till 18:47; S-Tritiya (past next sunrise),Purva Phalguni till 03:42 (+1); Uttara Phalguni (past next sunrise),Parigha till 09:28; Shiva (past next sunrise),Balava till 07:40; Kaulava till 18:47; Taitila till 06:03 (+1); Garaja (past next sunrise),Shukla Paksha,Shravana,Aati,29,,Parabhava,1948,11:01-12:35,15:43-17:17,07:52-09:26,12:10-13:00
2026-08-15,Saturday,06:18,18:51,08:29,20:49,S-Tritiya till 17:29; S-Chaturthi (past next sunrise),Uttara Phalguni till 03:25 (+1); Hasta (past next sunrise),Shiva till 07:09; Siddha till 05:21 (+1); Sadhya (past next sunrise),Garaja till 17:29; Vanija till 05:05 (+1); Vishti (past next sunrise),Shukla Paksha,Shravana,Aati,30,,Parabhava,1948,09:26-11:00,14:09-15:43,06:18-07:52,12:09-13:00
2026-08-16,Sunday,06:18,18:51,09:20,21:27,S-Chaturthi till 16:53; S-Panchami (past next sunrise),Hasta till 03:51 (+1); Chitra (past next sunrise),Sadhya till 04:08 (+1); Shubha (past next sunrise),Vishti till 16:53; Bava till 04:51 (+1); Balava (past next sunrise),Shukla Paksha,Shravana,Aati,31,,Parabhava,1948,17:17-18:51,12:34-14:08,15:42-17:17,12:09-12:59
2026-08-17,Monday,06:18,18:50,10:11,22:06,S-Panchami till 17:00; S-Shashthi (past next sunrise),Chitra till 04:59 (+1); Swati (past next sunrise),Shubha till 03:29 (+1); Shukla (past next sunrise),Balava till 17:00; Kaulava till 05:20 (+1); Taitila (past next sunrise),Shukla Paksha,Shravana,Sona,1,Simha 07:58,Parabhava,1948,07:52-09:26,11:00-12:34,14:08-15:42,12:09-12:59
2026-08-18,Tuesday,06:18,18:50,11:01,22:47,S-Shashthi till 17:51; S-Saptami (past next sunrise),Swati (past next sunrise),Shukla till 03:23 (+1); Brahma (past next sunrise),Taitila till 17:51; Garaja (past next sunrise),Shukla Paksha,Shravana,Sona,2,,Parabhava,1948,15:42-17:16,09:26-11:00,12:34-14:08,12:09-12:59
2026-08-19,Wednesday,06:18,18:49,11:52,23:30,S-Saptami till 19:19; S-Ashtami (past next sunrise),Swati till 06:47; Vishakha (past next sunrise),Brahma till 03:44 (+1); Indra (past next sunrise),Garaja till 06:31; Vanija till 19:19; Vishti (past next sunrise),Shukla Paksha,Shravana,Sona,3,,Parabhava,1948,12:34-14:08,07:52-09:26,11:00-12:34,12:09-12:59
2026-08-20,Thursday,06:18,18:48,12:44,00:16 (+1),S-Ashtami till 21:18; S-Navami (past next sunrise),Vishakha till 09:08; Anuradha (past next sunrise),Indra till 04:25 (+1); Vaidhriti (past next sunrise),Vishti till 08:16; Bava till 21:18; Balava (past next sunrise),Shukla Paksha,Shravana,Sona,4,,Parabhava,1948,14:07-15:41,06:18-07:52,09:26-11:00,12:08-12:58
2026-08-21,Friday,06:19,18:48,13:37,01:05 (+1),S-Navami till 23:36; S-Dashami (past next sunrise),Anuradha till 11:53; Jyeshtha (past next sunrise),Vaidhriti till 05:18 (+1); Vishkambha (past next sunrise),Balava till 10:26; Kaulava till 23:36; Taitila (past next sunrise),Shukla Paksha,Shravana,Sona,5,,Parabhava,1948,11:00-12:33,15:41-17:14,07:52-09:26,12:08-12:58
2026-08-22,Saturday,06:19,18:47,14:29,01:56 (+1),S-Dashami till 02:00 (+1); S-Ekadashi (past next sunrise),Jyeshtha till 14:49; Mula (past next sunrise),Vishkambha till 06:14 (+1); Priti (past next sunrise),Taitila till 12:48; Garaja till 02:00 (+1); Vanija (past next sunrise),Shukla Paksha,Shravana,Sona,6,,Parabhava,1948,09:26-10:59,14:07-15:40,06:19-07:52,12:08-12:58
2026-08-23,Sunday,06:19,18:47,15:20,02:48 (+1),S-Ekadashi till 04:19 (+1); S-Dwadashi (past next sunrise),Mula till 17:44; Purva Ashadha (past next sunrise),Priti (past next sunrise),Vanija till 15:11; Vishti till 04:19 (+1); Bava (past next sunrise),Shukla Paksha,Shravana,Sona,7,,Parabhava,1948,17:13-18:47,12:33-14:06,15:40-17:13,12:08-12:58
2026-08-24,Monday,06:19,18:46,16:08,03:41 (+1),S-Dwadashi (past next sunrise),Purva Ashadha till 20:28; Uttara Ashadha (past next sunrise),Priti till 07:04; Ayushman (past next sunrise),Bava till 17:22; Balava (past next sunrise),Shukla Paksha,Shravana,Sona,8,,Parabhava,1948,07:52-09:26,10:59-12:32,14:06-15:39,12:08-12:57
2026-08-25,Tuesday,06:19,18:46,16:53,04:33 (+1),S-Dwadashi till 06:21; S-Trayodashi (past next sunrise),Uttara Ashadha till 22:51; Shravana (past next sunrise),Ayushman till 07:41; Saubhagya (past next sunrise),Balava till 06:21; Kaulava till 19:13; Taitila (past next sunrise),Shukla Paksha,Shravana,Sona,9,,Parabhava,1948,15:39-17:12,09:25-10:59,12:32-14:05,12:07-12:57
2026-08-26,Wednesday,06:19,18:45,17:36,05:25 (+1),S-Trayodashi till 07:59; S-Chaturdashi (past next sunrise),Shravana till 00:48 (+1); Dhanishta (past next sunrise),Saubhagya till 07:59; Shobhana (past next sunrise),Taitila till 07:59; Garaja till 20:38; Vanija (past next sunrise),Shukla Paksha,Shravana,Sona,10,,Parabhava,1948,12:32-14:05,07:52-09:25,10:59-12:32,12:07-12:57
2026-08-27,Thursday,06:19,18:44,18:16,06:15 (+1),S-Chaturdashi till 09:09; S-Purnima (past next sunrise),Dhanishta till 02:15 (+1); Shatabhisha (past next sunrise),Shobhana till 07:55; Atiganda (past next sunrise),Vanija till 09:09; Vishti till 21:32; Bava (past next sunrise),Shukla Paksha,Shravana,Sona,11,,Parabhava,1948,14:05-15:38,06:19-07:52,09:25-10:58,12:07-12:56
2026-08-28,Friday,06:19,18:44,18:54,,S-Purnima till 09:48; K-Pratipada (past next sunrise),Shatabhisha till 03:13 (+1); Purva Bhadrapada (past next sunrise),Atiganda till 07:28; Sukarma (past next sunrise),Bava till 09:48; Balava till 21:56; Kaulava (past next sunrise),Shukla Paksha,Shravana,Sona,12,,Parabhava,1948,10:58-12:31,15:37-17:11,07:52-09:25,12:06-12:56
2026-08-29,Saturday,06:19,18:43,19:31,07:04,K-Pratipada till 09:57; K-Dwitiya (past next sunrise),Purva Bhadrapada till 03:42 (+1); Uttara Bhadrapada (past next sunrise),Sukarma till 06:36; Dhriti till 05:21 (+1); Shula (past next sunrise),Kaulava till 09:57; Taitila till 21:50; Garaja (past next sunrise),Krishna Paksha,Shravana,Sona,13,,Parabhava,1948,09:25-10:58,14:04-15:37,06:19-07:52,12:06-12:56
2026-08-30,Sunday,06:19,18:42,20:10,07:54,K-Dwitiya till 09:37; K-Tritiya (past next sunrise),Uttara Bhadrapada till 03:44 (+1); Revati (past next sunrise),Shula till 03:45 (+1); Ganda (past next sunrise),Garaja till 09:37; Vanija till 21:17; Vishti (past next sunrise),Krishna Paksha,Shravana,Sona,14,,Parabhava,1948,17:09-18:42,12:31-14:04,15:37-17:09,12:06-12:55
2026-08-31,Monday,06:19,18:42,20:50,08:45,K-Tritiya till 08:51; K-Chaturthi (past next sunrise),Revati till 03:23 (+1); Ashwini (past next sunrise),Ganda till 01:50 (+1); Vriddhi (past next sunrise),Vishti till 08:51; Bava till 20:19; Balava (past next sunrise),Krishna Paksha,Shravana,Sona,15,,Parabhava,1948,07:52-09:25,10:58-12:30,14:03-15:36,12:06-12:55
2026-09-01,Tuesday,06:19,18:41,21:33,09:39,K-Chaturthi till 07:42; K-Panchami till 06:13 (+1); K-Shashthi (past next sunrise),Ashwini till 02:42 (+1); Bharani (past next sunrise),Vriddhi till 23:38; Dhruva (past next sunrise),Balava till 07:42; Kaulava till 19:00; Taitila till 06:13 (+1); Garaja (past next sunrise),Krishna Paksha,Shravana,Sona,16,,Parabhava,1948,15:36-17:08,09:25-10:57,12:30-14:03,12:05-12:55
2026-09-02,Wednesday,06:19,18:40,22:21,10:36,K-Shashthi till 04:26 (+1); K-Saptami (past next sunrise),Bharani till 01:43 (+1); Krittika (past next sunrise),Dhruva till 21:12; Vyaghata (past next sunrise),Garaja till 17:21; Vanija till 04:26 (+1); Vishti (past next sunrise),Krishna Paksha,Shravana,Sona,17,,Parabhava,1948,12:30-14:02,07:52-09:24,10:57-12:30,12:05-12:54
2026-09-03,Thursday,06:19,18:40,23:15,11:36,K-Saptami till 02:25 (+1); K-Ashtami (past next sunrise),Krittika till 00:29 (+1); Rohini (past next sunrise),Vyaghata till 18:33; Harshana (past next sunrise),Vishti till 15:27; Bava till 02:25 (+1); Balava (past next sunrise),Krishna Paksha,Shravana,Sona,18,,Parabhava,1948,14:02-15:35,06:19-07:52,09:24-10:57,12:05-12:54
2026-09-04,Friday,06:19,18:39,00:14 (+1),12:39,K-Ashtami till 00:14 (+1); K-Navami (past next sunrise),Rohini till 23:04; Mrigashira (past next sunrise),Harshana till 15:44; Vajra (past next sunrise),Balava till 13:21; Kaulava till 00:14 (+1); Taitila (past next sunrise),Krishna Paksha,Shravana,Sona,19,,Parabhava,1948,10:57-12:29,15:34-17:07,07:52-09:24,12:04-12:54
2026-09-05,Saturday,06:19,18:38,01:18 (+1),13:43,K-Navami till 21:54; K-Dashami (past next sunrise),Mrigashira till 21:31; Ardra (past next sunrise),Vajra till 12:47; Siddhi (past next sunrise),Taitila till 11:04; Garaja till 21:54; Vanija (past next sunrise),Krishna Paksha,Shravana,Sona,20,,Parabhava,1948,09:24-10:56,14:01-15:34,06:19-07:52,12:04-12:53
2026-09-06,Sunday,06:19,18:38,02:22 (+1),14:44,K-Dashami till 19:29; K-Ekadashi (past next sunrise),Ardra till 19:52; Punarvasu (past next sunrise),Siddhi till 09:45; Vyatipata (past next sunrise),Vanija till 08:42; Vishti till 19:29; Bava till 06:16 (+1); Balava (past next sunrise),Krishna Paksha,Shravana,Sona,21,,Parabhava,1948,17:05-18:38,12:28-14:01,15:33-17:05,12:04-12:53
2026-09-07,Monday,06:19,18:37,03:25 (+1),15:41,K-Ekadashi till 17:04; K-Dwadashi (past next sunrise),Punarvasu till 18:14; Pushya (past next sunrise),Vyatipata till 06:41; Variyan till 03:38 (+1); Parigha (past next sunrise),Balava till 17:04; Kaulava till 03:53 (+1); Taitila (past next sunrise),Krishna Paksha,Shravana,Sona,22,,Parabhava,1948,07:51-09:24,10:56-12:28,14:00-15:33,12:03-12:53
2026-09-08,Tuesday,06:19,18:36,04:26 (+1),16:33,K-Dwadashi till 14:43; K-Trayodashi (past next sunrise),Pushya till 16:39; Ashlesha (past next sunrise),Parigha till 00:40 (+1); Shiva (past next sunrise),Taitila till 14:43; Garaja till 01:35 (+1); Vanija (past next sunrise),Krishna Paksha,Shravana,Sona,23,,Parabhava,1948,15:32-17:04,09:23-10:56,12:28-14:00,12:03-12:52
2026-09-09,Wednesday,06:19,18:36,05:22 (+1),17:19,K-Trayodashi till 12:31; K-Chaturdashi (past next sunrise),Ashlesha till 15:14; Magha (past next sunrise),Shiva till 21:52; Siddha (past next sunrise),Vanija till 12:31; Vishti till 23:30; Shakuni (past next sunrise),Krishna Paksha,Shravana,Sona,24,,Parabhava,1948,12:27-13:59,07:51-09:23,10:55-12:27,12:03-12:52
2026-09-10,Thursday,06:19,18:35,06:16 (+1),18:02,K-Chaturdashi till 10:33; K-Amavasya (past next sunrise),Magha till 14:04; Purva Phalguni (past next sunrise),Siddha till 19:17; Sadhya (past next sunrise),Shakuni till 10:33; Chatushpada till 21:42; Naga (past next sunrise),Krishna Paksha,Shravana,Sona,25,,Parabhava,1948,13:59-15:31,06:19-07:51,09:23-10:55,12:03-12:52
2026-09-11,Friday,06:19,18:34,,18:42,K-Amavasya till 08:56; S-Pratipada (past next sunrise),Purva Phalguni till 13:16; Uttara Phalguni (past next sunrise),Sadhya till 17:02; Shubha (past next sunrise),Naga till 08:56; Kimstughna till 20:18; Bava (past next sunrise),Krishna Paksha,Shravana,Sona,26,,Parabhava,1948,10:55-12:27,15:30-17:02,07:51-09:23,12:02-12:51
2026-09-12,Saturday,06:19,18:33,07:08,19:21,S-Pratipada till 07:46; S-Dwitiya (past next sunrise),Uttara Phalguni till 12:55; Hasta (past next sunrise),Shubha till 15:09; Shukla (past next sunrise),Bava till 07:46; Balava till 19:23; Kaulava (past next sunrise),Shukla Paksha,Bhadrapada,Sona,27,,Parabhava,1948,09:23-10:55,13:58-15:30,06:19-07:51,12:02-12:51
2026-09-13,Sunday,06:19,18:33,07:59,20:00,S-Dwitiya till 07:08; S-Tritiya (past next sunrise),Hasta till 13:07; Chitra (past next sunrise),Shukla till 13:43; Brahma (past next sunrise),Kaulava till 07:08; Taitila till 19:03; Garaja (past next sunrise),Shukla Paksha,Bhadrapada,Sona,28,,Parabhava,1948,17:01-18:33,12:26-13:58,15:29-17:01,12:02-12:50
2026-09-14,Monday,06:19,18:32,08:50,20:41,S-Tritiya till 07:07; S-Chaturthi (past next sunrise),Chitra till 13:55; Swati (past next sunrise),Brahma till 12:46; Indra (past next sunrise),Garaja till 07:07; Vanija till 19:21; Vishti (past next sunrise),Shukla Paksha,Bhadrapada,Sona,29,,Parabhava,1948,07:51-09:22,10:54-12:26,13:57-15:29,12:01-12:50
2026-09-15,Tuesday,06:19,18:31,09:42,21:23,S-Chaturthi till 07:44; S-Panchami (past next sunrise),Swati till 15:21; Vishakha (past next sunrise),Indra till 12:20; Vaidhriti (past next sunrise),Vishti till 07:44; Bava till 20:17; Balava (past next sunrise),Shukla Paksha,Bhadrapada,Sona,30,,Parabhava,1948,15:28-17:00,09:22-10:54,12:25-13:57,12:01-12:50
2026-09-16,Wednesday,06:19,18:31,10:34,22:09,S-Panchami till 08:59; S-Shashthi (past next sunrise),Vishakha till 17:22; Anuradha (past next sunrise),Vaidhriti till 12:22; Vishkambha (past next sunrise),Balava till 08:59; Kaulava till 21:50; Taitila (past next sunrise),Shukla Paksha,Bhadrapada,Sona,31,,Parabhava,1948,12:25-13:56,07:51-09:22,10:53-12:25,12:01-12:49
2026-09-17,Thursday,06:19,18:30,11:27,22:57,S-Shashthi till 10:48; S-Saptami (past next sunrise),Anuradha till 19:53; Jyeshtha (past next sunrise),Vishkambha till 12:49; Priti (past next sunrise),Taitila till 10:48; Garaja till 23:52; Vanija (past next sunrise),Shukla Paksha,Bhadrapada,Nirnal,1,Kanya 07:52,Parabhava,1948,13:56-15:27,06:19-07:51,09:22-10:53,12:00-12:49
2026-09-18,Friday,06:19,18:29,12:20,23:47,S-Saptami till 13:01; S-Ashtami (past next sunrise),Jyeshtha till 22:44; Mula (past next sunrise),Priti till 13:34; Ayushman (past next sunrise),Vanija till 13:01; Vishti till 02:13 (+1); Bava (past next sunrise),Shukla Paksha,Bhadrapada,Nirnal,2,,Parabhava,1948,10:53-12:24,15:27-16:58,07:50-09:22,12:00-12:49
2026-09-19,Saturday,06:19,18:29,13:12,00:39 (+1),S-Ashtami till 15:27; S-Navami (past next sunrise),Mula till 01:43 (+1); Purva Ashadha (past next sunrise),Ayushman till 14:29; Saubhagya (past next sunrise),Bava till 15:27; Balava till 04:40 (+1); Kaulava (past next sunrise),Shukla Paksha,Bhadrapada,Nirnal,3,,Parabhava,1948,09:22-10:53,13:55-15:26,06:19-07:50,12:00-12:48
2026-09-20,Sunday,06:19,18:28,14:01,01:32 (+1),S-Navami till 17:52; S-Dashami (past next sunrise),Purva Ashadha till 04:34 (+1); Uttara Ashadha (past next sunrise),Saubhagya till 15:22; Shobhana (past next sunrise),Kaulava till 17:52; Taitila (past next sunrise),Shukla Paksha,Bhadrapada,Nirnal,4,,Parabhava,1948,16:57-18:28,12:23-13:55,15:26-16:57,11:59-12:48
2026-09-21,Monday,06:19,18:27,14:47,02:24 (+1),S-Dashami till 20:01; S-Ekadashi (past next sunrise),Uttara Ashadha (past next sunrise),Shobhana till 16:05; Atiganda (past next sunrise),Taitila till 06:59; Garaja till 20:01; Vanija (past next sunrise),Shukla Paksha,Bhadrapada,Nirnal,5,,Parabhava,1948,07:50-09:21,10:52-12:23,13:54-15:25,11:59-12:47
2026-09-22,Tuesday,06:19,18:26,15:30,03:15 (+1),S-Ekadashi till 21:43; S-Dwadashi (past next sunrise),Uttara Ashadha till 07:07; Shravana (past next sunrise),Atiganda till 16:29; Sukarma (past next sunrise),Vanija till 08:56; Vishti till 21:43; Bava (past next sunrise),Shukla Paksha,Bhadrapada,Nirnal,6,,Parabhava,1948,15:25-16:55,09:21-10:52,12:23-13:54,11:59-12:47
2026-09-23,Wednesday,06:19,18:26,16:11,04:06 (+1),S-Dwadashi till 22:51; S-Trayodashi (past next sunrise),Shravana till 09:09; Dhanishta (past next sunrise),Sukarma till 16:27; Dhriti (past next sunrise),Bava till 10:22; Balava till 22:51; Kaulava (past next sunrise),Shukla Paksha,Bhadrapada,Nirnal,7,,Parabhava,1948,12:22-13:53,07:50-09:21,10:52-12:22,11:58-12:47
2026-09-24,Thursday,06:19,18:25,16:50,04:56 (+1),S-Trayodashi till 23:19; S-Chaturdashi (past next sunrise),Dhanishta till 10:35; Shatabhisha (past next sunrise),Dhriti till 15:54; Shula (past next sunrise),Kaulava till 11:10; Taitila till 23:19; Garaja (past next sunrise),Shukla Paksha,Bhadrapada,Nirnal,8,,Parabhava,1948,13:53-15:24,06:19-07:50,09:21-10:51,11:58-12:46
2026-09-25,Friday,06:19,18:24,17:28,05:46 (+1),S-Chaturdashi till 23:07; S-Purnima (past next sunrise),Shatabhisha till 11:22; Purva Bhadrapada (past next sunrise),Shula till 14:51; Ganda (past next sunrise),Garaja till 11:18; Vanija till 23:07; Vishti (past next sunrise),Shukla Paksha,Bhadrapada,Nirnal,9,,Parabhava,1948,10:51-12:22,15:23-16:54,07:50-09:20,11:58-12:46
2026-09-26,Saturday,06:19,18:24,18:07,,S-Purnima till 22:18; K-Pratipada (past next sunrise),Purva Bhadrapada till 11:32; Uttara Bhadrapada (past next sunrise),Ganda till 13:17; Vriddhi (past next sunrise),Vishti till 10:47; Bava till 22:18; Balava (past next sunrise),Shukla Paksha,Bhadrapada,Nirnal,10,,Parabhava,1948,09:20-10:51,13:52-15:22,06:19-07:50,11:57-12:46
2026-09-27,Sunday,06:19,18:23,18:47,06:37,K-Pratipada till 20:59; K-Dwitiya (past next sunrise),Uttara Bhadrapada till 11:08; Revati (past next sunrise),Vriddhi till 11:16; Dhruva (past next sunrise),Balava till 09:42; Kaulava till 20:59; Taitila (past next sunrise),Krishna Paksha,Bhadrapada,Nirnal,11,,Parabhava,1948,16:52-18:23,12:21-13:51,15:22-16:52,11:57-12:45
2026-09-28,Monday,06:19,18:22,19:30,07:31,K-Dwitiya till 19:13; K-Tritiya (past next sunrise),Revati till 10:16; Ashwini (past next sunrise),Dhruva till 08:53; Vyaghata till 06:13 (+1); Harshana (past next sunrise),Taitila till 08:09; Garaja till 19:13; Vanija till 06:14 (+1); Vishti (past next sunrise),Krishna Paksha,Bhadrapada,Nirnal,12,,Parabhava,1948,07:50-09:20,10:50-12:21,13:51-15:21,11:57-12:45
2026-09-29,Tuesday,06:19,18:21,20:18,08:28,K-Tritiya till 17:10; K-Chaturthi (past next sunrise),Ashwini till 09:03; Bharani (past next sunrise),Harshana till 03:20 (+1); Vajra (past next sunrise),Vishti till 17:10; Bava till 04:04 (+1); Balava (past next sunrise),Krishna Paksha,Bhadrapada,Nirnal,13,,Parabhava,1948,15:21-16:51,09:20-10:50,12:20-13:51,11:56-12:44
2026-09-30,Wednesday,06:19,18:21,21:11,09:29,K-Chaturthi till 14:55; K-Panchami (past next sunrise),Bharani till 07:36; Krittika till 06:02 (+1); Rohini (past next sunrise),Vajra till 00:20 (+1); Siddhi (past next sunrise),Balava till 14:55; Kaulava till 01:46 (+1); Taitila (past next sunrise),Krishna Paksha,Bhadrapada,Nirnal,14,,Parabhava,1948,12:20-13:50,07:49-09:20,10:50-12:20,11:56-12:44
2026-10-01,Thursday,06:19,18:20,22:09,10:32,K-Panchami till 12:35; K-Shashthi (past next sunrise),Rohini till 04:27 (+1); Mrigashira (past next sunrise),Siddhi till 21:18; Vyatipata (past next sunrise),Taitila till 12:35; Garaja till 23:25; Vanija (past next sunrise),Krishna Paksha,Bhadrapada,Nirnal,15,,Parabhava,1948,13:50-15:20,06:19-07:49,09:20-10:50,11:56-12:44
2026-10-02,Friday,06:19,18:19,23:11,11:36,K-Shashthi till 10:15; K-Saptami (past next sunrise),Mrigashira till 02:55 (+1); Ardra (past next sunrise),Vyatipata till 18:17; Variyan (past next sunrise),Vanija till 10:15; Vishti till 21:07; Bava (past next sunrise),Krishna Paksha,Bhadrapada,Nirnal,16,,Parabhava,1948,10:49-12:19,15:19-16:49,07:49-09:19,11:55-12:43
2026-10-03,Saturday,06:19,18:19,00:15 (+1),12:39,K-Saptami till 08:00; K-Ashtami till 05:52 (+1); K-Navami (past next sunrise),Ardra till 01:30 (+1); Punarvasu (past next sunrise),Variyan till 15:21; Parigha (past next sunrise),Bava till 08:00; Balava till 18:55; Kaulava till 05:52 (+1); Taitila (past next sunrise),Krishna Paksha,Bhadrapada,Nirnal,17,,Parabhava,1948,09:19-10:49,13:49-15:19,06:19-07:49,11:55-12:43
2026-10-04,Sunday,06:19,18:18,01:18 (+1),13:36,K-Navami till 03:54 (+1); K-Dashami (past next sunrise),Punarvasu till 00:14 (+1); Pushya (past next sunrise),Parigha till 12:32; Shiva (past next sunrise),Taitila till 16:51; Garaja till 03:54 (+1); Vanija (past next sunrise),Krishna Paksha,Bhadrapada,Nirnal,18,,Parabhava,1948,16:48-18:18,12:19-13:49,15:18-16:48,11:55-12:43
2026-10-05,Monday,06:19,18:17,02:18 (+1),14:28,K-Dashami till 02:07 (+1); K-Ekadashi (past next sunrise),Pushya till 23:09; Ashlesha (past next sunrise),Shiva till 09:51; Siddha (past next sunrise),Vanija till 14:59; Vishti till 02:07 (+1); Bava (past next sunrise),Krishna Paksha,Bhadrapada,Nirnal,19,,Parabhava,1948,07:49-09:19,10:49-12:18,13:48-15:18,11:55-12:42
2026-10-06,Tuesday,06:20,18:17,03:14 (+1),15:15,K-Ekadashi till 00:34 (+1); K-Dwadashi (past next sunrise),Ashlesha till 22:17; Magha (past next sunrise),Siddha till 07:20; Sadhya till 05:00 (+1); Shubha (past next sunrise),Bava till 13:19; Balava till 00:34 (+1); Kaulava (past next sunrise),Krishna Paksha,Bhadrapada,Nirnal,20,,Parabhava,1948,15:17-16:47,09:19-10:49,12:18-13:48,11:54-12:42
2026-10-07,Wednesday,06:20,18:16,04:07 (+1),15:58,K-Dwadashi till 23:16; K-Trayodashi (past next sunrise),Magha till 21:40; Purva Phalguni (past next sunrise),Shubha till 02:52 (+1); Shukla (past next sunrise),Kaulava till 11:53; Taitila till 23:16; Garaja (past next sunrise),Krishna Paksha,Bhadrapada,Nirnal,21,,Parabhava,1948,12:18-13:47,07:49-09:19,10:48-12:18,11:54-12:42
2026-10-08,Thursday,06:20,18:16,04:59 (+1),16:38,K-Trayodashi till 22:16; K-Chaturdashi (past next sunrise),Purva Phalguni till 21:20; Uttara Phalguni (past next sunrise),Shukla till 00:58 (+1); Brahma (past next sunrise),Garaja till 10:44; Vanija till 22:16; Vishti (past next sunrise),Krishna Paksha,Bhadrapada,Nirnal,22,,Parabhava,1948,13:47-15:17,06:20-07:49,09:19-10:48,11:54-12:41
2026-10-09,Friday,06:20,18:15,05:50 (+1),17:17,K-Chaturdashi till 21:36; K-Amavasya (past next sunrise),Uttara Phalguni till 21:19; Hasta (past next sunrise),Brahma till 23:20; Indra (past next sunrise),Vishti till 09:53; Shakuni till 21:36; Chatushpada (past next sunrise),Krishna Paksha,Bhadrapada,Nirnal,23,,Parabhava,1948,10:48-12:17,15:16-16:45,07:49-09:19,11:53-12:41
2026-10-10,Saturday,06:20,18:14,,17:56,K-Amavasya till 21:20; S-Pratipada (past next sunrise),Hasta till 21:42; Chitra (past next sunrise),Indra till 22:02; Vaidhriti (past next sunrise),Chatushpada till 09:24; Naga till 21:20; Kimstughna (past next sunrise),Krishna Paksha,Bhadrapada,Nirnal,24,,Parabhava,1948,09:18-10:48,13:46-15:16,06:20-07:49,11:53-12:41
2026-10-11,Sunday,06:20,18:14,06:40,18:35,S-Pratipada till 21:31; S-Dwitiya (past next sunrise),Chitra till 22:32; Swati (past next sunrise),Vaidhriti till 21:05; Vishkambha (past next sunrise),Kimstughna till 09:22; Bava till 21:31; Balava (past next sunrise),Shukla Paksha,Ashvayuja,Nirnal,25,,Parabhava,1948,16:44-18:14,12:17-13:46,15:15-16:44,11:53-12:41
2026-10-12,Monday,06:20,18:13,07:32,19:17,S-Dwitiya till 22:13; S-Tritiya (past next sunrise),Swati till 23:52; Vishakha (past next sunrise),Vishkambha till 20:32; Priti (past next sunrise),Balava till 09:48; Kaulava till 22:13; Taitila (past next sunrise),Shukla Paksha,Ashvayuja,Nirnal,26,,Parabhava,1948,07:49-09:18,10:47-12:17,13:46-15:15,11:53-12:40
2026-10-13,Tuesday,06:20,18:12,08:24,20:01,S-Tritiya till 23:28; S-Chaturthi (past next sunrise),Vishakha till 01:43 (+1); Anuradha (past next sunrise),Priti till 20:23; Ayushman (past next sunrise),Taitila till 10:47; Garaja till 23:28; Vanija (past next sunrise),Shukla Paksha,Ashvayuja,Nirnal,27,,Parabhava,1948,15:14-16:43,09:18-10:47,12:16-13:45,11:53-12:40
2026-10-14,Wednesday,06:20,18:12,09:17,20:49,S-Chaturthi till 01:13 (+1); S-Panchami (past next sunrise),Anuradha till 04:03 (+1); Jyeshtha (past next sunrise),Ayushman till 20:39; Saubhagya (past next sunrise),Vanija till 12:17; Vishti till 01:13 (+1); Bava (past next sunrise),Shukla Paksha,Ashvayuja,Nirnal,28,,Parabhava,1948,12:16-13:45,07:49-09:18,10:47-12:16,11:52-12:40
2026-10-15,Thursday,06:20,18:11,10:11,21:39,S-Panchami till 03:25 (+1); S-Shashthi (past next sunrise),Jyeshtha (past next sunrise),Saubhagya till 21:15; Shobhana (past next sunrise),Bava till 14:16; Balava till 03:25 (+1); Kaulava (past next sunrise),Shukla Paksha,Ashvayuja,Nirnal,29,,Parabhava,1948,13:45-15:14,06:20-07:49,09:18-10:47,11:52-12:40
2026-10-16,Friday,06:20,18:11,11:03,22:30,S-Shashthi till 05:54 (+1); S-Saptami (past next sunrise),Jyeshtha till 06:47; Mula (past next sunrise),Shobhana till 22:05; Atiganda (past next sunrise),Kaulava till 16:38; Taitila till 05:54 (+1); Garaja (past next sunrise),Shukla Paksha,Ashvayuja,Nirnal,30,,Parabhava,1948,10:47-12:16,15:13-16:42,07:49-09:18,11:52-12:39
2026-10-17,Saturday,06:21,18:10,11:53,23:22,S-Saptami (past next sunrise),Mula till 09:47; Purva Ashadha (past next sunrise),Atiganda till 23:02; Sukarma (past next sunrise),Garaja till 19:12; Vanija (past next sunrise),Shukla Paksha,Ashvayuja,Nirnal,31,Tula 19:51,Parabhava,1948,09:18-10:47,13:44-15:13,06:21-07:49,11:52-12:39
2026-10-18,Sunday,06:21,18:10,12:40,00:14 (+1),S-Saptami till 08:28; S-Ashtami (past next sunrise),Purva Ashadha till 12:49; Uttara Ashadha (past next sunrise),Sukarma till 23:56; Dhriti (past next sunrise),Vanija till 08:28; Vishti till 21:42; Bava (past next sunrise),Shukla Paksha,Ashvayuja,Bontel,1,,Parabhava,1948,16:41-18:10,12:15-13:44,15:12-16:41,11:52-12:39
2026-10-19,Monday,06:21,18:09,13:24,01:05 (+1),S-Ashtami till 10:52; S-Navami (past next sunrise),Uttara Ashadha till 15:38; Shravana (past next sunrise),Dhriti till 00:35 (+1); Shula (past next sunrise),Bava till 10:52; Balava till 23:55; Kaulava (past next sunrise),Shukla Paksha,Ashvayuja,Bontel,2,,Parabhava,1948,07:49-09:18,10:46-12:15,13:44-15:12,11:51-12:39
2026-10-20,Tuesday,06:21,18:09,14:05,01:55 (+1),S-Navami till 12:50; S-Dashami (past next sunrise),Shravana till 18:02; Dhanishta (past next sunrise),Shula till 00:49 (+1); Ganda (past next sunrise),Kaulava till 12:50; Taitila till 01:36 (+1); Garaja (past next sunrise),Shukla Paksha,Ashvayuja,Bontel,3,,Parabhava,1948,15:12-16:40,09:18-10:46,12:15-13:43,11:51-12:38
2026-10-21,Wednesday,06:21,18:08,14:44,02:45 (+1),S-Dashami till 14:12; S-Ekadashi (past next sunrise),Dhanishta till 19:48; Shatabhisha (past next sunrise),Ganda till 00:33 (+1); Vriddhi (past next sunrise),Garaja till 14:12; Vanija till 02:36 (+1); Vishti (past next sunrise),Shukla Paksha,Ashvayuja,Bontel,4,,Parabhava,1948,12:15-13:43,07:50-09:18,10:46-12:15,11:51-12:38
2026-10-22,Thursday,06:21,18:08,15:22,03:34 (+1),S-Ekadashi till 14:48; S-Dwadashi (past next sunrise),Shatabhisha till 20:49; Purva Bhadrapada (past next sunrise),Vriddhi till 23:39; Dhruva (past next sunrise),Vishti till 14:48; Bava till 02:48 (+1); Balava (past next sunrise),Shukla Paksha,Ashvayuja,Bontel,5,,Parabhava,1948,13:43-15:11,06:21-07:50,09:18-10:46,11:51-12:38
2026-10-23,Friday,06:22,18:07,16:00,04:25 (+1),S-Dwadashi till 14:36; S-Trayodashi (past next sunrise),Purva Bhadrapada till 21:03; Uttara Bhadrapada (past next sunrise),Dhruva till 22:08; Vyaghata (past next sunrise),Balava till 14:36; Kaulava till 02:12 (+1); Taitila (past next sunrise),Shukla Paksha,Ashvayuja,Bontel,6,,Parabhava,1948,10:46-12:14,15:11-16:39,07:50-09:18,11:51-12:38
2026-10-24,Saturday,06:22,18:07,16:40,05:18 (+1),S-Trayodashi till 13:37; S-Chaturdashi (past next sunrise),Uttara Bhadrapada till 20:32; Revati (past next sunrise),Vyaghata till 20:01; Harshana (past next sunrise),Taitila till 13:37; Garaja till 00:51 (+1); Vanija (past next sunrise),Shukla Paksha,Ashvayuja,Bontel,7,,Parabhava,1948,09:18-10:46,13:42-15:10,06:22-07:50,11:51-12:38
2026-10-25,Sunday,06:22,18:06,17:22,06:15 (+1),S-Chaturdashi till 11:56; S-Purnima (past next sunrise),Revati till 19:22; Ashwini (past next sunrise),Harshana till 17:21; Vajra (past next sunrise),Vanija till 11:56; Vishti till 22:52; Bava (past next sunrise),Shukla Paksha,Ashvayuja,Bontel,8,,Parabhava,1948,16:38-18:06,12:14-13:42,15:10-16:38,11:51-12:38
2026-10-26,Monday,06:22,18:06,18:09,,S-Purnima till 09:41; K-Pratipada (past next sunrise),Ashwini till 17:41; Bharani (past next sunrise),Vajra till 14:16; Siddhi (past next sunrise),Bava till 09:41; Balava till 20:24; Kaulava (past next sunrise),Shukla Paksha,Ashvayuja,Bontel,9,,Parabhava,1948,07:50-09:18,10:46-12:14,13:42-15:10,11:51-12:37
2026-10-27,Tuesday,06:22,18:05,19:01,07:15,K-Pratipada till 07:02; K-Dwitiya till 04:07 (+1); K-Tritiya (past next sunrise),Bharani till 15:39; Krittika (past next sunrise),Siddhi till 10:53; Vyatipata (past next sunrise),Kaulava till 07:02; Taitila till 17:35; Garaja till 04:07 (+1); Vanija (past next sunrise),Krishna Paksha,Ashvayuja,Bontel,10,,Parabhava,1948,15:10-16:38,09:18-10:46,12:14-13:42,11:50-12:37
2026-10-28,Wednesday,06:23,18:05,19:59,08:20,K-Tritiya till 01:07 (+1); K-Chaturthi (past next sunrise),Krittika till 13:26; Rohini (past next sunrise),Vyatipata till 07:18; Variyan till 03:40 (+1); Parigha (past next sunrise),Vanija till 14:37; Vishti till 01:07 (+1); Bava (past next sunrise),Krishna Paksha,Ashvayuja,Bontel,11,,Parabhava,1948,12:14-13:42,07:50-09:18,10:46-12:14,11:50-12:37
2026-10-29,Thursday,06:23,18:05,21:02,09:26,K-Chaturthi till 22:10; K-Panchami (past next sunrise),Rohini till 11:11; Mrigashira (past next sunrise),Parigha till 00:06 (+1); Shiva (past next sunrise),Bava till 11:37; Balava till 22:10; Kaulava (past next sunrise),Krishna Paksha,Ashvayuja,Bontel,12,,Parabhava,1948,13:41-15:09,06:23-07:51,09:18-10:46,11:50-12:37
2026-10-30,Friday,06:23,18:04,22:07,10:31,K-Panchami till 19:25; K-Shashthi (past next sunrise),Mrigashira till 09:04; Ardra (past next sunrise),Shiva till 20:41; Siddha (past next sunrise),Kaulava till 08:46; Taitila till 19:25; Garaja till 06:09 (+1); Vanija (past next sunrise),Krishna Paksha,Ashvayuja,Bontel,13,,Parabhava,1948,10:46-12:14,15:09-16:37,07:51-09:18,11:50-12:37
2026-10-31,Saturday,06:23,18:04,23:12,11:31,K-Shashthi till 16:57; K-Saptami (past next sunrise),Ardra till 07:12; Punarvasu till 05:39 (+1); Pushya (past next sunrise),Siddha till 17:31; Sadhya (past next sunrise),Vanija till 16:57; Vishti till 03:52 (+1); Bava (past next sunrise),Krishna Paksha,Ashvayuja,Bontel,14,,Parabhava,1948,09:18-10:46,13:41-15:09,06:23-07:51,11:50-12:37
2026-11-01,Sunday,06:24,18:04,00:13 (+1),12:25,K-Saptami till 14:52; K-Ashtami (past next sunrise),Pushya till 04:30 (+1); Ashlesha (past next sunrise),Sadhya till 14:39; Shubha (past next sunrise),Bava till 14:52; Balava till 01:58 (+1); Kaulava (past next sunrise),Krishna Paksha,Ashvayuja,Bontel,15,,Parabhava,1948,16:36-18:04,12:14-13:41,15:09-16:36,11:50-12:37
2026-11-02,Monday,06:24,18:03,01:10 (+1),13:14,K-Ashtami till 13:11; K-Navami (past next sunrise),Ashlesha till 03:46 (+1); Magha (past next sunrise),Shubha till 12:06; Shukla (past next sunrise),Kaulava till 13:11; Taitila till 00:29 (+1); Garaja (past next sunrise),Krishna Paksha,Ashvayuja,Bontel,16,,Parabhava,1948,07:51-09:19,10:46-12:14,13:41-15:08,11:50-12:37
2026-11-03,Tuesday,06:24,18:03,02:03 (+1),13:57,K-Navami till 11:55; K-Dashami (past next sunrise),Magha till 03:26 (+1); Purva Phalguni (past next sunrise),Shukla till 09:54; Brahma (past next sunrise),Garaja till 11:55; Vanija till 23:26; Vishti (past next sunrise),Krishna Paksha,Ashvayuja,Bontel,17,,Parabhava,1948,15:08-16:36,09:19-10:46,12:14-13:41,11:50-12:37
2026-11-04,Wednesday,06:24,18:03,02:55 (+1),14:38,K-Dashami till 11:03; K-Ekadashi (past next sunrise),Purva Phalguni till 03:30 (+1); Uttara Phalguni (past next sunrise),Brahma till 08:01; Indra (past next sunrise),Vishti till 11:03; Bava till 22:47; Balava (past next sunrise),Krishna Paksha,Ashvayuja,Bontel,18,,Parabhava,1948,12:14-13:41,07:52-09:19,10:46-12:14,11:50-12:37
2026-11-05,Thursday,06:25,18:02,03:44 (+1),15:16,K-Ekadashi till 10:36; K-Dwadashi (past next sunrise),Uttara Phalguni till 03:56 (+1); Hasta (past next sunrise),Indra till 06:26; Vaidhriti till 05:09 (+1); Vishkambha (past next sunrise),Balava till 10:36; Kaulava till 22:30; Taitila (past next sunrise),Krishna Paksha,Ashvayuja,Bontel,19,,Parabhava,1948,13:41-15:08,06:25-07:52,09:19-10:46,11:50-12:37
2026-11-06,Friday,06:25,18:02,04:34 (+1),15:54,K-Dwadashi till 10:31; K-Trayodashi (past next sunrise),Hasta till 04:43 (+1); Chitra (past next sunrise),Vishkambha till 04:10 (+1); Priti (past next sunrise),Taitila till 10:31; Garaja till 22:36; Vanija (past next sunrise),Krishna Paksha,Ashvayuja,Bontel,20,,Parabhava,1948,10:46-12:14,15:08-16:35,07:52-09:19,11:50-12:37
2026-11-07,Saturday,06:25,18:02,05:24 (+1),16:33,K-Trayodashi till 10:48; K-Chaturdashi (past next sunrise),Chitra till 05:52 (+1); Swati (past next sunrise),Priti till 03:27 (+1); Ayushman (past next sunrise),Vanija till 10:48; Vishti till 23:05; Shakuni (past next sunrise),Krishna Paksha,Ashvayuja,Bontel,21,,Parabhava,1948,09:20-10:47,13:41-15:08,06:25-07:53,11:50-12:37
2026-11-08,Sunday,06:26,18:02,06:16 (+1),17:13,K-Chaturdashi till 11:28; K-Amavasya (past next sunrise),Swati (past next sunrise),Ayushman till 03:03 (+1); Saubhagya (past next sunrise),Shakuni till 11:28; Chatushpada till 23:57; Naga (past next sunrise),Krishna Paksha,Ashvayuja,Bontel,22,,Parabhava,1948,16:35-18:02,12:14-13:41,15:08-16:35,11:51-12:37
2026-11-09,Monday,06:26,18:01,,17:56,K-Amavasya till 12:32; S-Pratipada (past next sunrise),Swati till 07:24; Vishakha (past next sunrise),Saubhagya till 02:57 (+1); Shobhana (past next sunrise),Naga till 12:32; Kimstughna till 01:13 (+1); Bava (past next sunrise),Krishna Paksha,Ashvayuja,Bontel,23,,Parabhava,1948,07:53-09:20,10:47-12:14,13:41-15:08,11:51-12:37
2026-11-10,Tuesday,06:27,18:01,07:09,18:42,S-Pratipada till 14:00; S-Dwitiya (past next sunrise),Vishakha till 09:19; Anuradha (past next sunrise),Shobhana till 03:09 (+1); Atiganda (past next sunrise),Bava till 14:00; Balava till 02:54 (+1); Kaulava (past next sunrise),Shukla Paksha,Kartika,Bontel,24,,Parabhava,1948,15:08-16:34,09:20-10:47,12:14-13:41,11:51-12:37
2026-11-11,Wednesday,06:27,18:01,08:02,19:31,S-Dwitiya till 15:53; S-Tritiya (past next sunrise),Anuradha till 11:38; Jyeshtha (past next sunrise),Atiganda till 03:40 (+1); Sukarma (past next sunrise),Kaulava till 15:53; Taitila till 04:59 (+1); Garaja (past next sunrise),Shukla Paksha,Kartika,Bontel,25,,Parabhava,1948,12:14-13:41,07:54-09:20,10:47-12:14,11:51-12:37
2026-11-12,Thursday,06:27,18:01,08:55,20:23,S-Tritiya till 18:09; S-Chaturthi (past next sunrise),Jyeshtha till 14:19; Mula (past next sunrise),Sukarma till 04:26 (+1); Dhriti (past next sunrise),Garaja till 18:09; Vanija (past next sunrise),Shukla Paksha,Kartika,Bontel,26,,Parabhava,1948,13:41-15:08,06:27-07:54,09:21-10:47,11:51-12:37
2026-11-13,Friday,06:28,18:01,09:46,21:15,S-Chaturthi till 20:42; S-Panchami (past next sunrise),Mula till 17:17; Purva Ashadha (past next sunrise),Dhriti till 05:22 (+1); Shula (past next sunrise),Vanija till 07:24; Vishti till 20:42; Bava (past next sunrise),Shukla Paksha,Kartika,Bontel,27,,Parabhava,1948,10:48-12:14,15:08-16:34,07:54-09:21,11:51-12:37
2026-11-14,Saturday,06:28,18:01,10:34,22:06,S-Panchami till 23:24; S-Shashthi (past next sunrise),Purva Ashadha till 20:24; Uttara Ashadha (past next sunrise),Shula till 06:22 (+1); Ganda (past next sunrise),Bava till 10:03; Balava till 23:24; Kaulava (past next sunrise),Shukla Paksha,Kartika,Bontel,28,,Parabhava,1948,09:21-10:48,13:41-15:08,06:28-07:55,11:51-12:37
2026-11-15,Sunday,06:29,18:01,11:19,22:57,S-Shashthi till 02:01 (+1); S-Saptami (past next sunrise),Uttara Ashadha till 23:29; Shravana (past next sunrise),Ganda (past next sunrise),Kaulava till 12:44; Taitila till 02:01 (+1); Garaja (past next sunrise),Shukla Paksha,Kartika,Bontel,29,,Parabhava,1948,16:34-18:01,12:15-13:41,15:08-16:34,11:52-12:38
2026-11-16,Monday,06:29,18:01,12:00,23:47,S-Saptami till 04:20 (+1); S-Ashtami (past next sunrise),Shravana till 02:17 (+1); Dhanishta (past next sunrise),Ganda till 07:16; Vriddhi (past next sunrise),Garaja till 15:14; Vanija till 04:20 (+1); Vishti (past next sunrise),Shukla Paksha,Kartika,Bontel,30,Vrishchika 19:43,Parabhava,1948,07:55-09:22,10:48-12:15,13:41-15:08,11:52-12:38
2026-11-17,Tuesday,06:29,18:00,12:39,00:35 (+1),S-Ashtami till 06:05 (+1); S-Navami (past next sunrise),Dhanishta till 04:34 (+1); Shatabhisha (past next sunrise),Vriddhi till 07:53; Dhruva (past next sunrise),Vishti till 17:17; Bava till 06:05 (+1); Balava (past next sunrise),Shukla Paksha,Kartika,Jaarde,1,,Parabhava,1948,15:08-16:34,09:22-10:49,12:15-13:41,11:52-12:38
2026-11-18,Wednesday,06:30,18:00,13:17,01:23 (+1),S-Navami (past next sunrise),Shatabhisha till 06:10 (+1); Purva Bhadrapada (past next sunrise),Dhruva till 08:05; Vyaghata (past next sunrise),Balava till 18:42; Kaulava (past next sunrise),Shukla Paksha,Kartika,Jaarde,2,,Parabhava,1948,12:15-13:41,07:56-09:22,10:49-12:15,11:52-12:38
2026-11-19,Thursday,06:30,18:00,13:54,02:12 (+1),S-Navami till 07:06; S-Dashami (past next sunrise),Purva Bhadrapada (past next sunrise),Vyaghata till 07:42; Harshana (past next sunrise),Kaulava till 07:06; Taitila till 19:18; Garaja (past next sunrise),Shukla Paksha,Kartika,Jaarde,3,,Parabhava,1948,13:42-15:08,06:30-07:57,09:23-10:49,11:52-12:38
2026-11-20,Friday,06:31,18:00,14:31,03:03 (+1),S-Dashami till 07:16; S-Ekadashi (past next sunrise),Purva Bhadrapada till 06:56; Uttara Bhadrapada (past next sunrise),Harshana till 06:40; Vajra till 04:55 (+1); Siddhi (past next sunrise),Garaja till 07:16; Vanija till 19:00; Vishti (past next sunrise),Shukla Paksha,Kartika,Jaarde,4,,Parabhava,1948,10:49-12:16,15:08-16:34,07:57-09:23,11:53-12:39
2026-11-21,Saturday,06:31,18:00,15:12,03:57 (+1),S-Ekadashi till 06:31; S-Dwadashi till 04:56 (+1); S-Trayodashi (past next sunrise),Uttara Bhadrapada till 06:50; Revati till 05:55 (+1); Ashwini (past next sunrise),Siddhi till 02:30 (+1); Vyatipata (past next sunrise),Vishti till 06:31; Bava till 17:50; Balava till 04:56 (+1); Kaulava (past next sunrise),Shukla Paksha,Kartika,Jaarde,5,,Parabhava,1948,09:24-10:50,13:42-15:08,06:31-07:57,11:53-12:39
2026-11-22,Sunday,06:32,18:01,15:56,04:55 (+1),S-Trayodashi till 02:37 (+1); S-Chaturdashi (past next sunrise),Ashwini till 04:15 (+1); Bharani (past next sunrise),Vyatipata till 23:29; Variyan (past next sunrise),Kaulava till 15:52; Taitila till 02:37 (+1); Garaja (past next sunrise),Shukla Paksha,Kartika,Jaarde,6,,Parabhava,1948,16:34-18:01,12:16-13:42,15:08-16:34,11:53-12:39
2026-11-23,Monday,06:32,18:01,16:45,05:59 (+1),S-Chaturdashi till 23:43; S-Purnima (past next sunrise),Bharani till 02:02 (+1); Krittika (past next sunrise),Variyan till 19:58; Parigha (past next sunrise),Garaja till 13:14; Vanija till 23:43; Vishti (past next sunrise),Shukla Paksha,Kartika,Jaarde,7,,Parabhava,1948,07:58-09:24,10:50-12:16,13:42-15:08,11:53-12:39
2026-11-24,Tuesday,06:33,18:01,17:42,,S-Purnima till 20:23; K-Pratipada (past next sunrise),Krittika till 23:25; Rohini (past next sunrise),Parigha till 16:06; Shiva (past next sunrise),Vishti till 10:05; Bava till 20:23; Balava (past next sunrise),Shukla Paksha,Kartika,Jaarde,8,,Parabhava,1948,15:09-16:35,09:25-10:51,12:17-13:43,11:54-12:40
2026-11-25,Wednesday,06:33,18:01,18:44,07:06,K-Pratipada till 16:50; K-Dwitiya (past next sunrise),Rohini till 20:36; Mrigashira (past next sunrise),Shiva till 12:00; Siddha (past next sunrise),Balava till 06:38; Kaulava till 16:50; Taitila till 03:03 (+1); Garaja (past next sunrise),Krishna Paksha,Kartika,Jaarde,9,,Parabhava,1948,12:17-13:43,07:59-09:25,10:51-12:17,11:54-12:40
2026-11-26,Thursday,06:34,18:01,19:51,08:14,K-Dwitiya till 13:15; K-Tritiya (past next sunrise),Mrigashira till 17:47; Ardra (past next sunrise),Siddha till 07:50; Sadhya till 03:44 (+1); Shubha (past next sunrise),Garaja till 13:15; Vanija till 23:30; Vishti (past next sunrise),Krishna Paksha,Kartika,Jaarde,10,,Parabhava,1948,13:43-15:09,06:34-08:00,09:25-10:51,11:54-12:40
2026-11-27,Friday,06:34,18:01,20:59,09:19,K-Tritiya till 09:49; K-Chaturthi (past next sunrise),Ardra till 15:08; Punarvasu (past next sunrise),Shubha till 23:51; Shukla (past next sunrise),Vishti till 09:49; Bava till 20:11; Balava (past next sunrise),Krishna Paksha,Kartika,Jaarde,11,,Parabhava,1948,10:52-12:18,15:09-16:35,08:00-09:26,11:55-12:40
2026-11-28,Saturday,06:35,18:01,22:04,10:18,K-Chaturthi till 06:40; K-Panchami till 03:57 (+1); K-Shashthi (past next sunrise),Punarvasu till 12:50; Pushya (past next sunrise),Shukla till 20:17; Brahma (past next sunrise),Balava till 06:40; Kaulava till 17:15; Taitila till 03:57 (+1); Garaja (past next sunrise),Krishna Paksha,Kartika,Jaarde,12,,Parabhava,1948,09:26-10:52,13:44-15:10,06:35-08:00,11:55-12:41
2026-11-29,Sunday,06:35,18:01,23:04,11:10,K-Shashthi till 01:46 (+1); K-Saptami (past next sunrise),Pushya till 10:59; Ashlesha (past next sunrise),Brahma till 17:08; Indra (past next sunrise),Garaja till 14:47; Vanija till 01:46 (+1); Vishti (past next sunrise),Krishna Paksha,Kartika,Jaarde,13,,Parabhava,1948,16:36-18:01,12:18-13:44,15:10-16:36,11:55-12:41
2026-11-30,Monday,06:36,18:01,00:00 (+1),11:56,K-Saptami till 00:12 (+1); K-Ashtami (past next sunrise),Ashlesha till 09:42; Magha (past next sunrise),Indra till 14:27; Vaidhriti (past next sunrise),Vishti till 12:54; Bava till 00:12 (+1); Balava (past next sunrise),Krishna Paksha,Kartika,Jaarde,14,,Parabhava,1948,08:01-09:27,10:53-12:19,13:44-15:10,11:56-12:41
2026-12-01,Tuesday,06:36,18:02,00:52 (+1),12:38,K-Ashtami till 23:14; K-Navami (past next sunrise),Magha till 09:00; Purva Phalguni (past next sunrise),Vaidhriti till 12:15; Vishkambha (past next sunrise),Balava till 11:38; Kaulava till 23:14; Taitila (past next sunrise),Krishna Paksha,Kartika,Jaarde,15,,Parabhava,1948,15:10-16:36,09:28-10:53,12:19-13:45,11:56-12:42
2026-12-02,Wednesday,06:37,18:02,01:42 (+1),13:17,K-Navami till 22:52; K-Dashami (past next sunrise),Purva Phalguni till 08:55; Uttara Phalguni (past next sunrise),Vishkambha till 10:31; Priti (past next sunrise),Taitila till 10:59; Garaja till 22:52; Vanija (past next sunrise),Krishna Paksha,Kartika,Jaarde,16,,Parabhava,1948,12:19-13:45,08:02-09:28,10:54-12:19,11:57-12:42
2026-12-03,Thursday,06:37,18:02,02:31 (+1),13:55,K-Dashami till 23:04; K-Ekadashi (past next sunrise),Uttara Phalguni till 09:23; Hasta (past next sunrise),Priti till 09:15; Ayushman (past next sunrise),Vanija till 10:54; Vishti till 23:04; Bava (past next sunrise),Krishna Paksha,Kartika,Jaarde,17,,Parabhava,1948,13:45-15:11,06:37-08:03,09:29-10:54,11:57-12:43
2026-12-04,Friday,06:38,18:02,03:21 (+1),14:33,K-Ekadashi till 23:45; K-Dwadashi (past next sunrise),Hasta till 10:23; Chitra (past next sunrise),Ayushman till 08:23; Saubhagya (past next sunrise),Bava till 11:21; Balava till 23:45; Kaulava (past next sunrise),Krishna Paksha,Kartika,Jaarde,18,,Parabhava,1948,10:55-12:20,15:11-16:37,08:03-09:29,11:57-12:43
2026-12-05,Saturday,06:38,18:03,04:11 (+1),15:12,K-Dwadashi till 00:52 (+1); K-Trayodashi (past next sunrise),Chitra till 11:49; Swati (past next sunrise),Saubhagya till 07:53; Shobhana (past next sunrise),Kaulava till 12:15; Taitila till 00:52 (+1); Garaja (past next sunrise),Krishna Paksha,Kartika,Jaarde,19,,Parabhava,1948,09:29-10:55,13:46-15:12,06:38-08:04,11:58-12:43
2026-12-06,Sunday,06:39,18:03,05:03 (+1),15:54,K-Trayodashi till 02:22 (+1); K-Chaturdashi (past next sunrise),Swati till 13:38; Vishakha (past next sunrise),Shobhana till 07:41; Atiganda (past next sunrise),Garaja till 13:34; Vanija till 02:22 (+1); Vishti (past next sunrise),Krishna Paksha,Kartika,Jaarde,20,,Parabhava,1948,16:37-18:03,12:21-13:46,15:12-16:37,11:58-12:44
2026-12-07,Monday,06:39,18:03,05:56 (+1),16:39,K-Chaturdashi till 04:13 (+1); K-Amavasya (past next sunrise),Vishakha till 15:48; Anuradha (past next sunrise),Atiganda till 07:46; Sukarma (past next sunrise),Vishti till 15:15; Shakuni till 04:13 (+1); Chatushpada (past next sunrise),Krishna Paksha,Kartika,Jaarde,21,,Parabhava,1948,08:05-09:30,10:56-12:21,13:47-15:12,11:59-12:44
2026-12-08,Tuesday,06:40,18:04,,17:27,K-Amavasya till 06:21 (+1); S-Pratipada (past next sunrise),Anuradha till 18:16; Jyeshtha (past next sunrise),Sukarma till 08:06; Dhriti (past next sunrise),Chatushpada till 17:15; Naga till 06:21 (+1); Kimstughna (past next sunrise),Krishna Paksha,Kartika,Jaarde,22,,Parabhava,1948,15:13-16:38,09:31-10:56,12:22-13:47,11:59-12:45
2026-12-09,Wednesday,06:41,18:04,06:49,18:17,S-Pratipada (past next sunrise),Jyeshtha till 21:00; Mula (past next sunrise),Dhriti till 08:39; Shula (past next sunrise),Kimstughna till 19:32; Bava (past next sunrise),Shukla Paksha,Margashira,Jaarde,23,,Parabhava,1948,12:22-13:48,08:06-09:31,10:57-12:22,11:59-12:45
2026-12-10,Thursday,06:41,18:04,07:40,19:09,S-Pratipada till 08:46; S-Dwitiya (past next sunrise),Mula till 23:58; Purva Ashadha (past next sunrise),Shula till 09:24; Ganda (past next sunrise),Bava till 08:46; Balava till 22:03; Kaulava (past next sunrise),Shukla Paksha,Margashira,Jaarde,24,,Parabhava,1948,13:48-15:14,06:41-08:07,09:32-10:57,12:00-12:46
2026-12-11,Friday,06:42,18:05,08:29,20:01,S-Dwitiya till 11:23; S-Tritiya (past next sunrise),Purva Ashadha till 03:04 (+1); Uttara Ashadha (past next sunrise),Ganda till 10:18; Vriddhi (past next sunrise),Kaulava till 11:23; Taitila till 00:44 (+1); Garaja (past next sunrise),Shukla Paksha,Margashira,Jaarde,25,,Parabhava,1948,10:58-12:23,15:14-16:39,08:07-09:32,12:00-12:46
2026-12-12,Saturday,06:42,18:05,09:15,20:52,S-Tritiya till 14:06; S-Chaturthi (past next sunrise),Uttara Ashadha till 06:12 (+1); Shravana (past next sunrise),Vriddhi till 11:16; Dhruva (past next sunrise),Garaja till 14:06; Vanija till 03:28 (+1); Vishti (past next sunrise),Shukla Paksha,Margashira,Jaarde,26,,Parabhava,1948,09:33-10:58,13:49-15:14,06:42-08:08,12:01-12:46
2026-12-13,Sunday,06:43,18:05,09:58,21:41,S-Chaturthi till 16:48; S-Panchami (past next sunrise),Shravana (past next sunrise),Dhruva till 12:14; Vyaghata (past next sunrise),Vishti till 16:48; Bava till 06:04 (+1); Balava (past next sunrise),Shukla Paksha,Margashira,Jaarde,27,,Parabhava,1948,16:40-18:05,12:24-13:49,15:15-16:40,12:01-12:47
2026-12-14,Monday,06:43,18:06,10:37,22:29,S-Panchami till 19:16; S-Shashthi (past next sunrise),Shravana till 09:12; Dhanishta (past next sunrise),Vyaghata till 13:04; Harshana (past next sunrise),Balava till 19:16; Kaulava (past next sunrise),Shukla Paksha,Margashira,Jaarde,28,,Parabhava,1948,08:09-09:34,10:59-12:25,13:50-15:15,12:02-12:47
2026-12-15,Tuesday,06:44,18:06,11:14,23:17,S-Shashthi till 21:19; S-Saptami (past next sunrise),Dhanishta till 11:53; Shatabhisha (past next sunrise),Harshana till 13:37; Vajra (past next sunrise),Kaulava till 08:22; Taitila till 21:19; Garaja (past next sunrise),Shukla Paksha,Margashira,Jaarde,29,,Parabhava,1948,15:16-16:41,09:34-11:00,12:25-13:50,12:02-12:48
2026-12-16,Wednesday,06:44,18:07,11:50,00:04 (+1),S-Saptami till 22:46; S-Ashtami (past next sunrise),Shatabhisha till 14:02; Purva Bhadrapada (past next sunrise),Vajra till 13:46; Siddhi (past next sunrise),Garaja till 10:08; Vanija till 22:46; Vishti (past next sunrise),Shukla Paksha,Margashira,Perarde,1,Dhanu 10:25,Parabhava,1948,12:26-13:51,08:10-09:35,11:00-12:26,12:03-12:48
2026-12-17,Thursday,06:45,18:07,12:27,00:52 (+1),S-Ashtami till 23:26; S-Navami (past next sunrise),Purva Bhadrapada till 15:30; Uttara Bhadrapada (past next sunrise),Siddhi till 13:21; Vyatipata (past next sunrise),Vishti till 11:12; Bava till 23:26; Balava (past next sunrise),Shukla Paksha,Margashira,Perarde,2,,Parabhava,1948,13:51-15:17,06:45-08:10,09:35-11:01,12:03-12:49
2026-12-18,Friday,06:45,18:08,13:04,01:42 (+1),S-Navami till 23:14; S-Dashami (past next sunrise),Uttara Bhadrapada till 16:10; Revati (past next sunrise),Vyatipata till 12:19; Variyan (past next sunrise),Balava till 11:27; Kaulava till 23:14; Taitila (past next sunrise),Shukla Paksha,Margashira,Perarde,3,,Parabhava,1948,11:01-12:27,15:17-16:42,08:11-09:36,12:04-12:49
2026-12-19,Saturday,06:46,18:08,13:45,02:37 (+1),S-Dashami till 22:09; S-Ekadashi (past next sunrise),Revati till 15:58; Ashwini (past next sunrise),Variyan till 10:35; Parigha (past next sunrise),Taitila till 10:48; Garaja till 22:09; Vanija (past next sunrise),Shukla Paksha,Margashira,Perarde,4,,Parabhava,1948,09:37-11:02,13:52-15:18,06:46-08:11,12:04-12:50
2026-12-20,Sunday,06:46,18:09,14:30,03:36 (+1),S-Ekadashi till 20:15; S-Dwadashi (past next sunrise),Ashwini till 14:55; Bharani (past next sunrise),Parigha till 08:10; Shiva till 05:07 (+1); Siddha (past next sunrise),Vanija till 09:18; Vishti till 20:15; Bava (past next sunrise),Shukla Paksha,Margashira,Perarde,5,,Parabhava,1948,16:43-18:09,12:28-13:53,15:18-16:43,12:05-12:50
2026-12-21,Monday,06:47,18:09,15:22,04:40 (+1),S-Dwadashi till 17:36; S-Trayodashi (past next sunrise),Bharani till 13:09; Krittika (past next sunrise),Siddha till 01:32 (+1); Sadhya (past next sunrise),Bava till 07:00; Balava till 17:36; Kaulava till 04:04 (+1); Taitila (past next sunrise),Shukla Paksha,Margashira,Perarde,6,,Parabhava,1948,08:12-09:38,11:03-12:28,13:53-15:19,12:05-12:51
2026-12-22,Tuesday,06:47,18:10,16:21,05:48 (+1),S-Trayodashi till 14:24; S-Chaturdashi (past next sunrise),Krittika till 10:45; Rohini (past next sunrise),Sadhya till 21:32; Shubha (past next sunrise),Taitila till 14:24; Garaja till 00:38 (+1); Vanija (past next sunrise),Shukla Paksha,Margashira,Perarde,7,,Parabhava,1948,15:19-16:44,09:38-11:03,12:29-13:54,12:06-12:51
2026-12-23,Wednesday,06:48,18:10,17:26,,S-Chaturdashi till 10:47; S-Purnima (past next sunrise),Rohini till 07:56; Mrigashira till 04:53 (+1); Ardra (past next sunrise),Shubha till 17:15; Shukla (past next sunrise),Vanija till 10:47; Vishti till 20:53; Bava (past next sunrise),Shukla Paksha,Margashira,Perarde,8,,Parabhava,1948,12:29-13:54,08:13-09:39,11:04-12:29,12:06-12:52
2026-12-24,Thursday,06:48,18:11,18:35,06:56,S-Purnima till 06:58; K-Pratipada till 03:07 (+1); K-Dwitiya (past next sunrise),Ardra till 01:47 (+1); Punarvasu (past next sunrise),Shukla till 12:51; Brahma (past next sunrise),Bava till 06:58; Balava till 17:02; Kaulava till 03:07 (+1); Taitila (past next sunrise),Shukla Paksha,Margashira,Perarde,9,,Parabhava,1948,13:55-15:20,06:48-08:14,09:39-11:04,12:07-12:52
2026-12-25,Friday,06:49,18:11,19:44,08:00,K-Dwitiya till 23:26; K-Tritiya (past next sunrise),Punarvasu till 22:50; Pushya (past next sunrise),Brahma till 08:28; Indra till 04:16 (+1); Vaidhriti (past next sunrise),Taitila till 13:15; Garaja till 23:26; Vanija (past next sunrise),Krishna Paksha,Margashira,Perarde,10,,Parabhava,1948,11:05-12:30,15:21-16:46,08:14-09:39,12:07-12:53
2026-12-26,Saturday,06:49,18:12,20:49,08:57,K-Tritiya till 20:05; K-Chaturthi (past next sunrise),Pushya till 20:12; Ashlesha (past next sunrise),Vaidhriti till 00:22 (+1); Vishkambha (past next sunrise),Vanija till 09:42; Vishti till 20:05; Bava till 06:35 (+1); Balava (past next sunrise),Krishna Paksha,Margashira,Perarde,11,,Parabhava,1948,09:40-11:05,13:56-15:21,06:49-08:15,12:08-12:53
2026-12-27,Sunday,06:50,18:12,21:49,09:48,K-Chaturthi till 17:13; K-Panchami (past next sunrise),Ashlesha till 18:04; Magha (past next sunrise),Vishkambha till 20:53; Priti (past next sunrise),Balava till 17:13; Kaulava till 04:01 (+1); Taitila (past next sunrise),Krishna Paksha,Margashira,Perarde,12,,Parabhava,1948,16:47-18:12,12:31-13:56,15:22-16:47,12:08-12:54
2026-12-28,Monday,06:50,18:13,22:44,10:33,K-Panchami till 14:58; K-Shashthi (past next sunrise),Magha till 16:33; Purva Phalguni (past next sunrise),Priti till 17:55; Ayushman (past next sunrise),Taitila till 14:58; Garaja till 02:06 (+1); Vanija (past next sunrise),Krishna Paksha,Margashira,Perarde,13,,Parabhava,1948,08:16-09:41,11:06-12:32,13:57-15:22,12:09-12:54
2026-12-29,Tuesday,06:51,18:13,23:37,11:14,K-Shashthi till 13:25; K-Saptami (past next sunrise),Purva Phalguni till 15:43; Uttara Phalguni (past next sunrise),Ayushman till 15:30; Saubhagya (past next sunrise),Vanija till 13:25; Vishti till 00:55 (+1); Bava (past next sunrise),Krishna Paksha,Margashira,Perarde,14,,Parabhava,1948,15:23-16:48,09:41-11:07,12:32-13:57,12:09-12:55
2026-12-30,Wednesday,06:51,18:14,00:27 (+1),11:54,K-Saptami till 12:37; K-Ashtami (past next sunrise),Uttara Phalguni till 15:37; Hasta (past next sunrise),Saubhagya till 13:41; Shobhana (past next sunrise),Bava till 12:37; Balava till 00:29 (+1); Kaulava (past next sunrise),Krishna Paksha,Margashira,Perarde,15,,Parabhava,1948,12:32-13:58,08:16-09:42,11:07-12:32,12:10-12:55
2026-12-31,Thursday,06:52,18:14,01:18 (+1),12:32,K-Ashtami till 12:33; K-Navami (past next sunrise),Hasta till 16:13; Chitra (past next sunrise),Shobhana till 12:26; Atiganda (past next sunrise),Kaulava till 12:33; Taitila till 00:46 (+1); Garaja (past next sunrise),Krishna Paksha,Margashira,Perarde,16,,Parabhava,1948,13:58-15:24,06:52-08:17,09:42-11:08,12:10-12:56
