date,weekday,sunrise,sunset,moonrise,moonset,tithi,nakshatra,yoga,karana,paksha,lunar_month,tulu_month,tulu_day,sankramana,samvatsara,shaka,rahu_kaala,yamaganda,gulika,abhijit
2027-01-01,Friday,06:52,18:15,02:08 (+1),13:12,K-Navami till 13:10; K-Dashami (past next sunrise),Chitra till 17:29; Swati (past next sunrise),Atiganda till 11:43; Sukarma (past next sunrise),Garaja till 13:10; Vanija till 01:43 (+1); Vishti (past next sunrise),Krishna Paksha,Margashira,Perarde,17,,Plavanga,1949,11:08-12:33,15:24-16:50,08:17-09:43,12:11-12:56
2027-01-02,Saturday,06:52,18:15,02:59 (+1),13:53,K-Dashami till 14:24; K-Ekadashi (past next sunrise),Swati till 19:19; Vishakha (past next sunrise),Sukarma till 11:28; Dhriti (past next sunrise),Vishti till 14:24; Bava till 03:13 (+1); Balava (past next sunrise),Krishna Paksha,Margashira,Perarde,18,,Plavanga,1949,09:43-11:09,13:59-15:25,06:52-08:18,12:11-12:57
2027-01-03,Sunday,06:53,18:16,03:52 (+1),14:36,K-Ekadashi till 16:08; K-Dwadashi (past next sunrise),Vishakha till 21:37; Anuradha (past next sunrise),Dhriti till 11:37; Shula (past next sunrise),Balava till 16:08; Kaulava till 05:10 (+1); Taitila (past next sunrise),Krishna Paksha,Margashira,Perarde,19,,Plavanga,1949,16:51-18:16,12:34-14:00,15:25-16:51,12:12-12:57
2027-01-04,Monday,06:53,18:17,04:44 (+1),15:23,K-Dwadashi till 18:16; K-Trayodashi (past next sunrise),Anuradha till 00:15 (+1); Jyeshtha (past next sunrise),Shula till 12:03; Ganda (past next sunrise),Taitila till 18:16; Garaja (past next sunrise),Krishna Paksha,Margashira,Perarde,20,,Plavanga,1949,08:19-09:44,11:09-12:35,14:00-15:26,12:12-12:58
2027-01-05,Tuesday,06:53,18:17,05:36 (+1),16:13,K-Trayodashi till 20:40; K-Chaturdashi (past next sunrise),Jyeshtha till 03:07 (+1); Mula (past next sunrise),Ganda till 12:43; Vriddhi (past next sunrise),Garaja till 07:26; Vanija till 20:40; Vishti (past next sunrise),Krishna Paksha,Margashira,Perarde,21,,Plavanga,1949,15:26-16:52,09:44-11:10,12:35-14:01,12:13-12:58
2027-01-06,Wednesday,06:54,18:18,06:26 (+1),17:04,K-Chaturdashi till 23:14; K-Amavasya (past next sunrise),Mula till 06:08 (+1); Purva Ashadha (past next sunrise),Vriddhi till 13:32; Dhruva (past next sunrise),Vishti till 09:56; Shakuni till 23:14; Chatushpada (past next sunrise),Krishna Paksha,Margashira,Perarde,22,,Plavanga,1949,12:36-14:01,08:19-09:45,11:10-12:36,12:13-12:59
2027-01-07,Thursday,06:54,18:18,,17:56,K-Amavasya till 01:54 (+1); S-Pratipada (past next sunrise),Purva Ashadha (past next sunrise),Dhruva till 14:26; Vyaghata (past next sunrise),Chatushpada till 12:34; Naga till 01:54 (+1); Kimstughna (past next sunrise),Krishna Paksha,Margashira,Perarde,23,,Plavanga,1949,14:02-15:27,06:54-08:20,09:45-11:11,12:13-12:59
2027-01-08,Friday,06:54,18:19,07:13,18:48,S-Pratipada till 04:33 (+1); S-Dwitiya (past next sunrise),Purva Ashadha till 09:12; Uttara Ashadha (past next sunrise),Vyaghata till 15:21; Harshana (past next sunrise),Kimstughna till 15:14; Bava till 04:33 (+1); Balava (past next sunrise),Shukla Paksha,Pushya,Perarde,24,,Parabhava,1948,11:11-12:37,15:28-16:53,08:20-09:45,12:14-12:59
2027-01-09,Saturday,06:55,18:19,07:56,19:38,S-Dwitiya (past next sunrise),Uttara Ashadha till 12:16; Shravana (past next sunrise),Harshana till 16:15; Vajra (past next sunrise),Balava till 17:51; Kaulava (past next sunrise),Shukla Paksha,Pushya,Perarde,25,,Parabhava,1948,09:46-11:11,14:03-15:28,06:55-08:20,12:14-13:00
2027-01-10,Sunday,06:55,18:20,08:37,20:27,S-Dwitiya till 07:07; S-Tritiya (past next sunrise),Shravana till 15:12; Dhanishta (past next sunrise),Vajra till 17:02; Siddhi (past next sunrise),Kaulava till 07:07; Taitila till 20:20; Garaja (past next sunrise),Shukla Paksha,Pushya,Perarde,26,,Parabhava,1948,16:54-18:20,12:37-14:03,15:29-16:54,12:15-13:00
2027-01-11,Monday,06:55,18:21,09:14,21:14,S-Tritiya till 09:28; S-Chaturthi (past next sunrise),Dhanishta till 17:53; Shatabhisha (past next sunrise),Siddhi till 17:38; Vyatipata (past next sunrise),Garaja till 09:28; Vanija till 22:32; Vishti (past next sunrise),Shukla Paksha,Pushya,Perarde,27,,Parabhava,1948,08:21-09:46,11:12-12:38,14:04-15:29,12:15-13:01
2027-01-12,Tuesday,06:55,18:21,09:51,22:00,S-Chaturthi till 11:29; S-Panchami (past next sunrise),Shatabhisha till 20:14; Purva Bhadrapada (past next sunrise),Vyatipata till 17:57; Variyan (past next sunrise),Vishti till 11:29; Bava till 00:20 (+1); Balava (past next sunrise),Shukla Paksha,Pushya,Perarde,28,,Parabhava,1948,15:30-16:55,09:47-11:13,12:38-14:04,12:15-13:01
2027-01-13,Wednesday,06:56,18:22,10:26,22:47,S-Panchami till 13:02; S-Shashthi (past next sunrise),Purva Bhadrapada till 22:04; Uttara Bhadrapada (past next sunrise),Variyan till 17:54; Parigha (past next sunrise),Balava till 13:02; Kaulava till 01:35 (+1); Taitila (past next sunrise),Shukla Paksha,Pushya,Perarde,29,,Parabhava,1948,12:39-14:04,08:21-09:47,11:13-12:39,12:16-13:02
2027-01-14,Thursday,06:56,18:22,11:02,23:35,S-Shashthi till 13:59; S-Saptami (past next sunrise),Uttara Bhadrapada till 23:19; Revati (past next sunrise),Parigha till 17:22; Shiva (past next sunrise),Taitila till 13:59; Garaja till 02:12 (+1); Vanija (past next sunrise),Shukla Paksha,Pushya,Perarde,30,Makara 21:10,Parabhava,1948,14:05-15:31,06:56-08:22,09:47-11:13,12:16-13:02
2027-01-15,Friday,06:56,18:23,11:40,00:26 (+1),S-Saptami till 14:14; S-Ashtami (past next sunrise),Revati till 23:51; Ashwini (past next sunrise),Shiva till 16:18; Siddha (past next sunrise),Vanija till 14:14; Vishti till 02:04 (+1); Bava (past next sunrise),Shukla Paksha,Pushya,Puyintel,1,,Parabhava,1948,11:14-12:39,15:31-16:57,08:22-09:48,12:16-13:02
2027-01-16,Saturday,06:56,18:23,12:22,01:21 (+1),S-Ashtami till 13:43; S-Navami (past next sunrise),Ashwini till 23:39; Bharani (past next sunrise),Siddha till 14:38; Sadhya (past next sunrise),Bava till 13:43; Balava till 01:11 (+1); Kaulava (past next sunrise),Shukla Paksha,Pushya,Puyintel,2,,Parabhava,1948,09:48-11:14,14:06-15:32,06:56-08:22,12:17-13:03
2027-01-17,Sunday,06:56,18:24,13:09,02:21 (+1),S-Navami till 12:27; S-Dashami (past next sunrise),Bharani till 22:42; Krittika (past next sunrise),Sadhya till 12:23; Shubha (past next sunrise),Kaulava till 12:27; Taitila till 23:32; Garaja (past next sunrise),Shukla Paksha,Pushya,Puyintel,3,,Parabhava,1948,16:58-18:24,12:40-14:06,15:32-16:58,12:17-13:03
2027-01-18,Monday,06:56,18:24,14:02,03:25 (+1),S-Dashami till 10:27; S-Ekadashi (past next sunrise),Krittika till 21:05; Rohini (past next sunrise),Shubha till 09:33; Shukla till 06:13 (+1); Brahma (past next sunrise),Garaja till 10:27; Vanija till 21:13; Vishti (past next sunrise),Shukla Paksha,Pushya,Puyintel,4,,Parabhava,1948,08:22-09:48,11:14-12:40,14:06-15:32,12:17-13:03
2027-01-19,Tuesday,06:57,18:25,15:03,04:31 (+1),S-Ekadashi till 07:49; S-Dwadashi till 04:41 (+1); S-Trayodashi (past next sunrise),Rohini till 18:54; Mrigashira (past next sunrise),Brahma till 02:27 (+1); Indra (past next sunrise),Vishti till 07:49; Bava till 18:19; Balava till 04:41 (+1); Kaulava (past next sunrise),Shukla Paksha,Pushya,Puyintel,5,,Parabhava,1948,15:33-16:59,09:49-11:15,12:41-14:07,12:18-13:04
2027-01-20,Wednesday,06:57,18:25,16:09,05:37 (+1),S-Trayodashi till 01:11 (+1); S-Chaturdashi (past next sunrise),Mrigashira till 16:17; Ardra (past next sunrise),Indra till 22:23; Vaidhriti (past next sunrise),Kaulava till 14:58; Taitila till 01:11 (+1); Garaja (past next sunrise),Shukla Paksha,Pushya,Puyintel,6,,Parabhava,1948,12:41-14:07,08:23-09:49,11:15-12:41,12:18-13:04
2027-01-21,Thursday,06:57,18:26,17:18,06:38 (+1),S-Chaturdashi till 21:30; S-Purnima (past next sunrise),Ardra till 13:24; Punarvasu (past next sunrise),Vaidhriti till 18:08; Vishkambha (past next sunrise),Garaja till 11:22; Vanija till 21:30; Vishti (past next sunrise),Shukla Paksha,Pushya,Puyintel,7,,Parabhava,1948,14:07-15:34,06:57-08:23,09:49-11:15,12:18-13:04
2027-01-22,Friday,06:57,18:26,18:25,,S-Purnima till 17:47; K-Pratipada (past next sunrise),Punarvasu till 10:25; Pushya (past next sunrise),Vishkambha till 13:50; Priti (past next sunrise),Vishti till 07:38; Bava till 17:47; Balava till 03:58 (+1); Kaulava (past next sunrise),Shukla Paksha,Pushya,Puyintel,8,,Parabhava,1948,11:15-12:42,15:34-17:00,08:23-09:49,12:19-13:05
2027-01-23,Saturday,06:57,18:27,19:29,07:32,K-Pratipada till 14:13; K-Dwitiya (past next sunrise),Pushya till 07:31; Ashlesha till 04:53 (+1); Magha (past next sunrise),Priti till 09:38; Ayushman till 05:40 (+1); Saubhagya (past next sunrise),Kaulava till 14:13; Taitila till 00:32 (+1); Garaja (past next sunrise),Krishna Paksha,Pushya,Puyintel,9,,Parabhava,1948,09:49-11:16,14:08-15:34,06:57-08:23,12:19-13:05
2027-01-24,Sunday,06:57,18:27,20:29,08:22,K-Dwitiya till 10:57; K-Tritiya (past next sunrise),Magha till 02:41 (+1); Purva Phalguni (past next sunrise),Saubhagya till 02:03 (+1); Shobhana (past next sunrise),Garaja till 10:57; Vanija till 21:30; Vishti (past next sunrise),Krishna Paksha,Pushya,Puyintel,10,,Parabhava,1948,17:01-18:27,12:42-14:08,15:35-17:01,12:19-13:05
2027-01-25,Monday,06:57,18:28,21:25,09:06,K-Tritiya till 08:10; K-Chaturthi till 06:00 (+1); K-Panchami (past next sunrise),Purva Phalguni till 01:03 (+1); Uttara Phalguni (past next sunrise),Shobhana till 22:54; Atiganda (past next sunrise),Vishti till 08:10; Bava till 19:00; Balava till 06:00 (+1); Kaulava (past next sunrise),Krishna Paksha,Pushya,Puyintel,11,,Parabhava,1948,08:23-09:50,11:16-12:42,14:09-15:35,12:19-13:05
2027-01-26,Tuesday,06:57,18:28,22:18,09:48,K-Panchami till 04:33 (+1); K-Shashthi (past next sunrise),Uttara Phalguni till 00:06 (+1); Hasta (past next sunrise),Atiganda till 20:18; Sukarma (past next sunrise),Kaulava till 17:11; Taitila till 04:33 (+1); Garaja (past next sunrise),Krishna Paksha,Pushya,Puyintel,12,,Parabhava,1948,15:35-17:02,09:50-11:16,12:43-14:09,12:19-13:06
2027-01-27,Wednesday,06:57,18:29,23:10,10:28,K-Shashthi till 03:54 (+1); K-Saptami (past next sunrise),Hasta till 23:56; Chitra (past next sunrise),Sukarma till 18:19; Dhriti (past next sunrise),Garaja till 16:07; Vanija till 03:54 (+1); Vishti (past next sunrise),Krishna Paksha,Pushya,Puyintel,13,,Parabhava,1948,12:43-14:09,08:23-09:50,11:16-12:43,12:20-13:06
2027-01-28,Thursday,06:57,18:29,00:02 (+1),11:08,K-Saptami till 04:03 (+1); K-Ashtami (past next sunrise),Chitra till 00:32 (+1); Swati (past next sunrise),Dhriti till 16:58; Shula (past next sunrise),Vishti till 15:52; Bava till 04:03 (+1); Balava (past next sunrise),Krishna Paksha,Pushya,Puyintel,14,,Parabhava,1948,14:10-15:36,06:57-08:23,09:50-11:16,12:20-13:06
2027-01-29,Friday,06:57,18:30,00:54 (+1),11:50,K-Ashtami till 04:58 (+1); K-Navami (past next sunrise),Swati till 01:54 (+1); Vishakha (past next sunrise),Shula till 16:13; Ganda (past next sunrise),Balava till 16:25; Kaulava till 04:58 (+1); Taitila (past next sunrise),Krishna Paksha,Pushya,Puyintel,15,,Parabhava,1948,11:17-12:43,15:36-17:03,08:23-09:50,12:20-13:06
2027-01-30,Saturday,06:56,18:30,01:46 (+1),12:33,K-Navami till 06:34 (+1); K-Dashami (past next sunrise),Vishakha till 03:55 (+1); Anuradha (past next sunrise),Ganda till 16:02; Vriddhi (past next sunrise),Taitila till 17:41; Garaja till 06:34 (+1); Vanija (past next sunrise),Krishna Paksha,Pushya,Puyintel,16,,Parabhava,1948,09:50-11:17,14:10-15:37,06:56-08:23,12:20-13:06
2027-01-31,Sunday,06:56,18:31,02:39 (+1),13:19,K-Dashami (past next sunrise),Anuradha till 06:28 (+1); Jyeshtha (past next sunrise),Vriddhi till 16:18; Dhruva (past next sunrise),Vanija till 19:34; Vishti (past next sunrise),Krishna Paksha,Pushya,Puyintel,17,,Parabhava,1948,17:04-18:31,12:43-14:10,15:37-17:04,12:20-13:07
2027-02-01,Monday,06:56,18:31,03:32 (+1),14:08,K-Dashami till 08:41; K-Ekadashi (past next sunrise),Jyeshtha (past next sunrise),Dhruva till 16:56; Vyaghata (past next sunrise),Vishti till 08:41; Bava till 21:54; Balava (past next sunrise),Krishna Paksha,Pushya,Puyintel,18,,Parabhava,1948,08:23-09:50,11:17-12:44,14:10-15:37,12:20-13:07
2027-02-02,Tuesday,06:56,18:31,04:22 (+1),14:59,K-Ekadashi till 11:10; K-Dwadashi (past next sunrise),Jyeshtha till 09:21; Mula (past next sunrise),Vyaghata till 17:47; Harshana (past next sunrise),Balava till 11:10; Kaulava till 00:30 (+1); Taitila (past next sunrise),Krishna Paksha,Pushya,Puyintel,19,,Parabhava,1948,15:38-17:05,09:50-11:17,12:44-14:11,12:21-13:07
2027-02-03,Wednesday,06:56,18:32,05:10 (+1),15:51,K-Dwadashi till 13:50; K-Trayodashi (past next sunrise),Mula till 12:26; Purva Ashadha (past next sunrise),Harshana till 18:44; Vajra (past next sunrise),Taitila till 13:50; Garaja till 03:11 (+1); Vanija (past next sunrise),Krishna Paksha,Pushya,Puyintel,20,,Parabhava,1948,12:44-14:11,08:23-09:50,11:17-12:44,12:21-13:07
2027-02-04,Thursday,06:56,18:32,05:55 (+1),16:43,K-Trayodashi till 16:31; K-Chaturdashi (past next sunrise),Purva Ashadha till 15:32; Uttara Ashadha (past next sunrise),Vajra till 19:41; Siddhi (past next sunrise),Vanija till 16:31; Vishti till 05:50 (+1); Shakuni (past next sunrise),Krishna Paksha,Pushya,Puyintel,21,,Parabhava,1948,14:11-15:38,06:56-08:23,09:50-11:17,12:21-13:07
2027-02-05,Friday,06:56,18:33,06:36 (+1),17:34,K-Chaturdashi till 19:05; K-Amavasya (past next sunrise),Uttara Ashadha till 18:32; Shravana (past next sunrise),Siddhi till 20:33; Vyatipata (past next sunrise),Shakuni till 19:05; Chatushpada (past next sunrise),Krishna Paksha,Pushya,Puyintel,22,,Parabhava,1948,11:17-12:44,15:38-17:05,08:23-09:50,12:21-13:07
2027-02-06,Saturday,06:55,18:33,,18:23,K-Amavasya till 21:26; S-Pratipada (past next sunrise),Shravana till 21:19; Dhanishta (past next sunrise),Vyatipata till 21:14; Variyan (past next sunrise),Chatushpada till 08:17; Naga till 21:26; Kimstughna (past next sunrise),Krishna Paksha,Pushya,Puyintel,23,,Parabhava,1948,09:50-11:17,14:11-15:39,06:55-08:23,12:21-13:07
2027-02-07,Sunday,06:55,18:33,07:15,19:11,S-Pratipada till 23:27; S-Dwitiya (past next sunrise),Dhanishta till 23:49; Shatabhisha (past next sunrise),Variyan till 21:41; Parigha (past next sunrise),Kimstughna till 10:29; Bava till 23:27; Balava (past next sunrise),Shukla Paksha,Magha,Puyintel,24,,Parabhava,1948,17:06-18:33,12:44-14:12,15:39-17:06,12:21-13:07
2027-02-08,Monday,06:55,18:34,07:52,19:58,S-Dwitiya till 01:06 (+1); S-Tritiya (past next sunrise),Shatabhisha till 01:57 (+1); Purva Bhadrapada (past next sunrise),Parigha till 21:51; Shiva (past next sunrise),Balava till 12:20; Kaulava till 01:06 (+1); Taitila (past next sunrise),Shukla Paksha,Magha,Puyintel,25,,Parabhava,1948,08:22-09:50,11:17-12:44,14:12-15:39,12:21-13:08
2027-02-09,Tuesday,06:55,18:34,08:28,20:45,S-Tritiya till 02:20 (+1); S-Chaturthi (past next sunrise),Purva Bhadrapada till 03:40 (+1); Uttara Bhadrapada (past next sunrise),Shiva till 21:43; Siddha (past next sunrise),Taitila till 13:47; Garaja till 02:20 (+1); Vanija (past next sunrise),Shukla Paksha,Magha,Puyintel,26,,Parabhava,1948,15:39-17:07,09:49-11:17,12:44-14:12,12:21-13:08
2027-02-10,Wednesday,06:54,18:34,09:04,21:33,S-Chaturthi till 03:05 (+1); S-Panchami (past next sunrise),Uttara Bhadrapada till 04:56 (+1); Revati (past next sunrise),Siddha till 21:13; Sadhya (past next sunrise),Vanija till 14:46; Vishti till 03:05 (+1); Bava (past next sunrise),Shukla Paksha,Magha,Puyintel,27,,Parabhava,1948,12:44-14:12,08:22-09:49,11:17-12:44,12:21-13:08
2027-02-11,Thursday,06:54,18:35,09:41,22:23,S-Panchami till 03:18 (+1); S-Shashthi (past next sunrise),Revati till 05:42 (+1); Ashwini (past next sunrise),Sadhya till 20:20; Shubha (past next sunrise),Bava till 15:15; Balava till 03:18 (+1); Kaulava (past next sunrise),Shukla Paksha,Magha,Puyintel,28,,Parabhava,1948,14:12-15:40,06:54-08:22,09:49-11:17,12:21-13:08
2027-02-12,Friday,06:54,18:35,10:21,23:15,S-Shashthi till 02:59 (+1); S-Saptami (past next sunrise),Ashwini till 05:56 (+1); Bharani (past next sunrise),Shubha till 19:02; Shukla (past next sunrise),Kaulava till 15:13; Taitila till 02:59 (+1); Garaja (past next sunrise),Shukla Paksha,Magha,Puyintel,29,,Parabhava,1948,11:17-12:44,15:40-17:07,08:21-09:49,12:21-13:08
2027-02-13,Saturday,06:53,18:35,11:05,00:12 (+1),S-Saptami till 02:07 (+1); S-Ashtami (past next sunrise),Bharani till 05:37 (+1); Krittika (past next sunrise),Shukla till 17:18; Brahma (past next sunrise),Garaja till 14:37; Vanija till 02:07 (+1); Vishti (past next sunrise),Shukla Paksha,Magha,Maayi,1,Kumbha 10:09,Parabhava,1948,09:49-11:17,14:12-15:40,06:53-08:21,12:21-13:08
2027-02-14,Sunday,06:53,18:36,11:54,01:12 (+1),S-Ashtami till 00:41 (+1); S-Navami (past next sunrise),Krittika till 04:46 (+1); Rohini (past next sunrise),Brahma till 15:08; Indra (past next sunrise),Vishti till 13:28; Bava till 00:41 (+1); Balava (past next sunrise),Shukla Paksha,Magha,Maayi,2,,Parabhava,1948,17:08-18:36,12:44-14:12,15:40-17:08,12:21-13:08
2027-02-15,Monday,06:53,18:36,12:49,02:15 (+1),S-Navami till 22:44; S-Dashami (past next sunrise),Rohini till 03:25 (+1); Mrigashira (past next sunrise),Indra till 12:33; Vaidhriti (past next sunrise),Balava till 11:46; Kaulava till 22:44; Taitila (past next sunrise),Shukla Paksha,Magha,Maayi,3,,Parabhava,1948,08:21-09:48,11:16-12:44,14:12-15:40,12:21-13:08
2027-02-16,Tuesday,06:52,18:36,13:51,03:19 (+1),S-Dashami till 20:19; S-Ekadashi (past next sunrise),Mrigashira till 01:38 (+1); Ardra (past next sunrise),Vaidhriti till 09:33; Vishkambha till 06:14 (+1); Priti (past next sunrise),Taitila till 09:35; Garaja till 20:19; Vanija (past next sunrise),Shukla Paksha,Magha,Maayi,4,,Parabhava,1948,15:40-17:08,09:48-11:16,12:44-14:12,12:21-13:08
2027-02-17,Wednesday,06:52,18:36,14:56,04:20 (+1),S-Ekadashi till 17:32; S-Dwadashi (past next sunrise),Ardra till 23:29; Punarvasu (past next sunrise),Priti till 02:38 (+1); Ayushman (past next sunrise),Vanija till 06:58; Vishti till 17:32; Bava till 04:01 (+1); Balava (past next sunrise),Shukla Paksha,Magha,Maayi,5,,Parabhava,1948,12:44-14:12,08:20-09:48,11:16-12:44,12:21-13:08
2027-02-18,Thursday,06:51,18:37,16:02,05:16 (+1),S-Dwadashi till 14:28; S-Trayodashi (past next sunrise),Punarvasu till 21:06; Pushya (past next sunrise),Ayushman till 22:50; Saubhagya (past next sunrise),Balava till 14:28; Kaulava till 00:52 (+1); Taitila (past next sunrise),Shukla Paksha,Magha,Maayi,6,,Parabhava,1948,14:12-15:40,06:51-08:20,09:48-11:16,12:21-13:08
2027-02-19,Friday,06:51,18:37,17:07,06:07 (+1),S-Trayodashi till 11:14; S-Chaturdashi (past next sunrise),Pushya till 18:35; Ashlesha (past next sunrise),Saubhagya till 18:58; Shobhana (past next sunrise),Taitila till 11:14; Garaja till 21:37; Vanija (past next sunrise),Shukla Paksha,Magha,Maayi,7,,Parabhava,1948,11:16-12:44,15:40-17:09,08:19-09:48,12:20-13:08
2027-02-20,Saturday,06:51,18:37,18:08,,S-Chaturdashi till 08:00; S-Purnima till 04:53 (+1); K-Pratipada (past next sunrise),Ashlesha till 16:07; Magha (past next sunrise),Shobhana till 15:08; Atiganda (past next sunrise),Vanija till 08:00; Vishti till 18:25; Bava till 04:53 (+1); Balava (past next sunrise),Shukla Paksha,Magha,Maayi,8,,Parabhava,1948,09:47-11:16,14:12-15:41,06:51-08:19,12:20-13:07
2027-02-21,Sunday,06:50,18:37,19:07,06:54,K-Pratipada till 02:03 (+1); K-Dwitiya (past next sunrise),Magha till 13:51; Purva Phalguni (past next sunrise),Atiganda till 11:27; Sukarma (past next sunrise),Balava till 15:25; Kaulava till 02:03 (+1); Taitila (past next sunrise),Krishna Paksha,Magha,Maayi,9,,Parabhava,1948,17:09-18:37,12:44-14:12,15:41-17:09,12:20-13:07
2027-02-22,Monday,06:50,18:38,20:02,07:38,K-Dwitiya till 23:39; K-Tritiya (past next sunrise),Purva Phalguni till 11:55; Uttara Phalguni (past next sunrise),Sukarma till 08:02; Dhriti till 04:59 (+1); Shula (past next sunrise),Taitila till 12:47; Garaja till 23:39; Vanija (past next sunrise),Krishna Paksha,Magha,Maayi,10,,Parabhava,1948,08:18-09:47,11:15-12:44,14:12-15:41,12:20-13:07
2027-02-23,Tuesday,06:49,18:38,20:56,08:20,K-Tritiya till 21:49; K-Chaturthi (past next sunrise),Uttara Phalguni till 10:28; Hasta (past next sunrise),Shula till 02:26 (+1); Ganda (past next sunrise),Vanija till 10:39; Vishti till 21:49; Bava (past next sunrise),Krishna Paksha,Magha,Maayi,11,,Parabhava,1948,15:41-17:09,09:46-11:15,12:44-14:12,12:20-13:07
2027-02-24,Wednesday,06:49,18:38,21:50,09:01,K-Chaturthi till 20:40; K-Panchami (past next sunrise),Hasta till 09:39; Chitra (past next sunrise),Ganda till 00:27 (+1); Vriddhi (past next sunrise),Bava till 09:09; Balava till 20:40; Kaulava (past next sunrise),Krishna Paksha,Magha,Maayi,12,,Parabhava,1948,12:43-14:12,08:17-09:46,11:15-12:43,12:20-13:07
2027-02-25,Thursday,06:48,18:38,22:43,09:43,K-Panchami till 20:17; K-Shashthi (past next sunrise),Chitra till 09:33; Swati (past next sunrise),Vriddhi till 23:04; Dhruva (past next sunrise),Kaulava till 08:23; Taitila till 20:17; Garaja (past next sunrise),Krishna Paksha,Magha,Maayi,13,,Parabhava,1948,14:12-15:41,06:48-08:17,09:46-11:14,12:20-13:07
2027-02-26,Friday,06:48,18:38,23:37,10:27,K-Shashthi till 20:43; K-Saptami (past next sunrise),Swati till 10:13; Vishakha (past next sunrise),Dhruva till 22:19; Vyaghata (past next sunrise),Garaja till 08:24; Vanija till 20:43; Vishti (past next sunrise),Krishna Paksha,Magha,Maayi,14,,Parabhava,1948,11:14-12:43,15:41-17:10,08:17-09:45,12:19-13:07
2027-02-27,Saturday,06:47,18:39,00:31 (+1),11:13,K-Saptami till 21:55; K-Ashtami (past next sunrise),Vishakha till 11:40; Anuradha (past next sunrise),Vyaghata till 22:08; Harshana (past next sunrise),Vishti till 09:13; Bava till 21:55; Balava (past next sunrise),Krishna Paksha,Magha,Maayi,15,,Parabhava,1948,09:45-11:14,14:12-15:41,06:47-08:16,12:19-13:07
2027-02-28,Sunday,06:47,18:39,01:25 (+1),12:02,K-Ashtami till 23:46; K-Navami (past next sunrise),Anuradha till 13:47; Jyeshtha (past next sunrise),Harshana till 22:28; Vajra (past next sunrise),Balava till 10:46; Kaulava till 23:46; Taitila (past next sunrise),Krishna Paksha,Magha,Maayi,16,,Parabhava,1948,17:10-18:39,12:43-14:12,15:41-17:10,12:19-13:06
2027-03-01,Monday,06:46,18:39,02:16 (+1),12:53,K-Navami till 02:07 (+1); K-Dashami (past next sunrise),Jyeshtha till 16:27; Mula (past next sunrise),Vajra till 23:11; Siddhi (past next sunrise),Taitila till 12:54; Garaja till 02:07 (+1); Vanija (past next sunrise),Krishna Paksha,Magha,Maayi,17,,Parabhava,1948,08:15-09:44,11:13-12:43,14:12-15:41,12:19-13:06
2027-03-02,Tuesday,06:46,18:39,03:05 (+1),13:44,K-Dashami till 04:44 (+1); K-Ekadashi (past next sunrise),Mula till 19:27; Purva Ashadha (past next sunrise),Siddhi till 00:07 (+1); Vyatipata (past next sunrise),Vanija till 15:25; Vishti till 04:44 (+1); Bava (past next sunrise),Krishna Paksha,Magha,Maayi,18,,Parabhava,1948,15:41-17:10,09:44-11:13,12:42-14:12,12:19-13:06
2027-03-03,Wednesday,06:45,18:39,03:51 (+1),14:36,K-Ekadashi (past next sunrise),Purva Ashadha till 22:34; Uttara Ashadha (past next sunrise),Vyatipata till 01:06 (+1); Variyan (past next sunrise),Bava till 18:05; Balava (past next sunrise),Krishna Paksha,Magha,Maayi,19,,Parabhava,1948,12:42-14:11,08:14-09:44,11:13-12:42,12:18-13:06
2027-03-04,Thursday,06:45,18:39,04:34 (+1),15:28,K-Ekadashi till 07:24; K-Dwadashi (past next sunrise),Uttara Ashadha till 01:35 (+1); Shravana (past next sunrise),Variyan till 02:00 (+1); Parigha (past next sunrise),Balava till 07:24; Kaulava till 20:41; Taitila (past next sunrise),Krishna Paksha,Magha,Maayi,20,,Parabhava,1948,14:11-15:41,06:45-08:14,09:43-11:13,12:18-13:06
2027-03-05,Friday,06:44,18:39,05:13 (+1),16:18,K-Dwadashi till 09:54; K-Trayodashi (past next sunrise),Shravana till 04:20 (+1); Dhanishta (past next sunrise),Parigha till 02:42 (+1); Shiva (past next sunrise),Taitila till 09:54; Garaja till 23:02; Vanija (past next sunrise),Krishna Paksha,Magha,Maayi,21,,Parabhava,1948,11:12-12:42,15:41-17:10,08:13-09:43,12:18-13:06
2027-03-06,Saturday,06:43,18:40,05:51 (+1),17:06,K-Trayodashi till 12:04; K-Chaturdashi (past next sunrise),Dhanishta till 06:42 (+1); Shatabhisha (past next sunrise),Shiva till 03:05 (+1); Siddha (past next sunrise),Vanija till 12:04; Vishti till 00:59 (+1); Shakuni (past next sunrise),Krishna Paksha,Magha,Maayi,22,,Parabhava,1948,09:42-11:12,14:11-15:41,06:43-08:13,12:18-13:05
2027-03-07,Sunday,06:43,18:40,06:28 (+1),17:54,K-Chaturdashi till 13:46; K-Amavasya (past next sunrise),Shatabhisha (past next sunrise),Siddha till 03:06 (+1); Sadhya (past next sunrise),Shakuni till 13:46; Chatushpada till 02:27 (+1); Naga (past next sunrise),Krishna Paksha,Magha,Maayi,23,,Parabhava,1948,17:10-18:40,12:41-14:11,15:40-17:10,12:17-13:05
2027-03-08,Monday,06:42,18:40,,18:41,K-Amavasya till 14:59; S-Pratipada (past next sunrise),Shatabhisha till 08:35; Purva Bhadrapada (past next sunrise),Sadhya till 02:43 (+1); Shubha (past next sunrise),Naga till 14:59; Kimstughna till 03:24 (+1); Bava (past next sunrise),Krishna Paksha,Magha,Maayi,24,,Parabhava,1948,08:12-09:42,11:11-12:41,14:11-15:40,12:17-13:05
2027-03-09,Tuesday,06:42,18:40,07:04,19:29,S-Pratipada till 15:41; S-Dwitiya (past next sunrise),Purva Bhadrapada till 09:58; Uttara Bhadrapada (past next sunrise),Shubha till 01:58 (+1); Shukla (past next sunrise),Bava till 15:41; Balava till 03:50 (+1); Kaulava (past next sunrise),Shukla Paksha,Phalguna,Maayi,25,,Parabhava,1948,15:40-17:10,09:41-11:11,12:41-14:11,12:17-13:05
2027-03-10,Wednesday,06:41,18:40,07:41,20:19,S-Dwitiya till 15:53; S-Tritiya (past next sunrise),Uttara Bhadrapada till 10:52; Revati (past next sunrise),Shukla till 00:50 (+1); Brahma (past next sunrise),Kaulava till 15:53; Taitila till 03:48 (+1); Garaja (past next sunrise),Shukla Paksha,Phalguna,Maayi,26,,Parabhava,1948,12:41-14:10,08:11-09:41,11:11-12:41,12:17-13:04
2027-03-11,Thursday,06:40,18:40,08:21,21:12,S-Tritiya till 15:37; S-Chaturthi (past next sunrise),Revati till 11:20; Ashwini (past next sunrise),Brahma till 23:22; Indra (past next sunrise),Garaja till 15:37; Vanija till 03:20 (+1); Vishti (past next sunrise),Shukla Paksha,Phalguna,Maayi,27,,Parabhava,1948,14:10-15:40,06:40-08:10,09:40-11:10,12:16-13:04
2027-03-12,Friday,06:40,18:40,09:04,22:07,S-Chaturthi till 14:57; S-Panchami (past next sunrise),Ashwini till 11:22; Bharani (past next sunrise),Indra till 21:34; Vaidhriti (past next sunrise),Vishti till 14:57; Bava till 02:29 (+1); Balava (past next sunrise),Shukla Paksha,Phalguna,Maayi,28,,Parabhava,1948,11:10-12:40,15:40-17:10,08:10-09:40,12:16-13:04
2027-03-13,Saturday,06:39,18:40,09:51,23:06,S-Panchami till 13:55; S-Shashthi (past next sunrise),Bharani till 11:03; Krittika (past next sunrise),Vaidhriti till 19:30; Vishkambha (past next sunrise),Balava till 13:55; Kaulava till 01:16 (+1); Taitila (past next sunrise),Shukla Paksha,Phalguna,Maayi,29,,Parabhava,1948,09:39-11:10,14:10-15:40,06:39-08:09,12:16-13:04
2027-03-14,Sunday,06:38,18:40,10:44,00:08 (+1),S-Shashthi till 12:32; S-Saptami (past next sunrise),Krittika till 10:23; Rohini (past next sunrise),Vishkambha till 17:10; Priti (past next sunrise),Taitila till 12:32; Garaja till 23:44; Vanija (past next sunrise),Shukla Paksha,Phalguna,Maayi,30,,Parabhava,1948,17:10-18:40,12:39-14:10,15:40-17:10,12:15-13:04
2027-03-15,Monday,06:38,18:41,11:43,01:10 (+1),S-Saptami till 10:51; S-Ashtami (past next sunrise),Rohini till 09:26; Mrigashira (past next sunrise),Priti till 14:36; Ayushman (past next sunrise),Vanija till 10:51; Vishti till 21:54; Bava (past next sunrise),Shukla Paksha,Phalguna,Suggi,1,Meena 07:00,Parabhava,1948,08:08-09:39,11:09-12:39,14:10-15:40,12:15-13:03
2027-03-16,Tuesday,06:37,18:41,12:45,02:10 (+1),S-Ashtami till 08:54; S-Navami (past next sunrise),Mrigashira till 08:12; Ardra (past next sunrise),Ayushman till 11:50; Saubhagya (past next sunrise),Bava till 08:54; Balava till 19:50; Kaulava (past next sunrise),Shukla Paksha,Phalguna,Suggi,2,,Parabhava,1948,15:40-17:10,09:38-11:08,12:39-14:09,12:15-13:03
2027-03-17,Wednesday,06:37,18:41,13:49,03:06 (+1),S-Navami till 06:43; S-Dashami till 04:21 (+1); S-Ekadashi (past next sunrise),Ardra till 06:45; Punarvasu till 05:07 (+1); Pushya (past next sunrise),Saubhagya till 08:53; Shobhana till 05:47 (+1); Atiganda (past next sunrise),Kaulava till 06:43; Taitila till 17:34; Garaja till 04:21 (+1); Vanija (past next sunrise),Shukla Paksha,Phalguna,Suggi,3,,Parabhava,1948,12:39-14:09,08:07-09:38,11:08-12:39,12:14-13:03
2027-03-18,Thursday,06:36,18:41,14:52,03:57 (+1),S-Ekadashi till 01:51 (+1); S-Dwadashi (past next sunrise),Pushya till 03:21 (+1); Ashlesha (past next sunrise),Atiganda till 02:34 (+1); Sukarma (past next sunrise),Vanija till 15:07; Vishti till 01:51 (+1); Bava (past next sunrise),Shukla Paksha,Phalguna,Suggi,4,,Parabhava,1948,14:09-15:40,06:36-08:07,09:37-11:08,12:14-13:03
2027-03-19,Friday,06:35,18:41,15:53,04:45 (+1),S-Dwadashi till 23:17; S-Trayodashi (past next sunrise),Ashlesha till 01:31 (+1); Magha (past next sunrise),Sukarma till 23:19; Dhriti (past next sunrise),Bava till 12:35; Balava till 23:17; Kaulava (past next sunrise),Shukla Paksha,Phalguna,Suggi,5,,Parabhava,1948,11:07-12:38,15:39-17:10,08:06-09:37,12:14-13:02
2027-03-20,Saturday,06:35,18:41,16:51,05:29 (+1),S-Trayodashi till 20:45; S-Chaturdashi (past next sunrise),Magha till 23:44; Purva Phalguni (past next sunrise),Dhriti till 20:06; Shula (past next sunrise),Kaulava till 10:01; Taitila till 20:45; Garaja (past next sunrise),Shukla Paksha,Phalguna,Suggi,6,,Parabhava,1948,09:36-11:07,14:09-15:39,06:35-08:05,12:14-13:02
2027-03-21,Sunday,06:34,18:41,17:47,06:11 (+1),S-Chaturdashi till 18:22; S-Purnima (past next sunrise),Purva Phalguni till 22:07; Uttara Phalguni (past next sunrise),Shula till 16:58; Ganda (past next sunrise),Garaja till 07:32; Vanija till 18:22; Vishti till 05:15 (+1); Bava (past next sunrise),Shukla Paksha,Phalguna,Suggi,7,,Parabhava,1948,17:10-18:41,12:37-14:08,15:39-17:10,12:13-13:02
2027-03-22,Monday,06:33,18:41,18:41,,S-Purnima till 16:13; K-Pratipada (past next sunrise),Uttara Phalguni till 20:46; Hasta (past next sunrise),Ganda till 14:04; Vriddhi (past next sunrise),Bava till 16:13; Balava till 03:17 (+1); Kaulava (past next sunrise),Shukla Paksha,Phalguna,Suggi,8,,Parabhava,1948,08:04-09:35,11:06-12:37,14:08-15:39,12:13-13:01
2027-03-23,Tuesday,06:33,18:41,19:35,06:52,K-Pratipada till 14:28; K-Dwitiya (past next sunrise),Hasta till 19:49; Chitra (past next sunrise),Vriddhi till 11:27; Dhruva (past next sunrise),Kaulava till 14:28; Taitila till 01:47 (+1); Garaja (past next sunrise),Krishna Paksha,Phalguna,Suggi,9,,Parabhava,1948,15:39-17:10,09:35-11:06,12:37-14:08,12:13-13:01
2027-03-24,Wednesday,06:32,18:41,20:29,07:34,K-Dwitiya till 13:14; K-Tritiya (past next sunrise),Chitra till 19:25; Swati (past next sunrise),Dhruva till 09:15; Vyaghata (past next sunrise),Garaja till 13:14; Vanija till 00:51 (+1); Vishti (past next sunrise),Krishna Paksha,Phalguna,Suggi,10,,Parabhava,1948,12:37-14:08,08:03-09:34,11:05-12:37,12:12-13:01
2027-03-25,Thursday,06:31,18:41,21:24,08:18,K-Tritiya till 12:38; K-Chaturthi (past next sunrise),Swati till 19:39; Vishakha (past next sunrise),Vyaghata till 07:31; Harshana till 06:21 (+1); Vajra (past next sunrise),Vishti till 12:38; Bava till 00:35 (+1); Balava (past next sunrise),Krishna Paksha,Phalguna,Suggi,11,,Parabhava,1948,14:07-15:39,06:31-08:03,09:34-11:05,12:12-13:01
2027-03-26,Friday,06:31,18:41,22:19,09:04,K-Chaturthi till 12:43; K-Panchami (past next sunrise),Vishakha till 20:36; Anuradha (past next sunrise),Vajra till 05:45 (+1); Siddhi (past next sunrise),Balava till 12:43; Kaulava till 01:03 (+1); Taitila (past next sunrise),Krishna Paksha,Phalguna,Suggi,12,,Parabhava,1948,11:05-12:36,15:39-17:10,08:02-09:33,12:12-13:00
2027-03-27,Saturday,06:30,18:41,23:14,09:53,K-Panchami till 13:33; K-Shashthi (past next sunrise),Anuradha till 22:14; Jyeshtha (past next sunrise),Siddhi till 05:42 (+1); Vyatipata (past next sunrise),Taitila till 13:33; Garaja till 02:14 (+1); Vanija (past next sunrise),Krishna Paksha,Phalguna,Suggi,13,,Parabhava,1948,09:33-11:04,14:07-15:38,06:30-08:01,12:11-13:00
2027-03-28,Sunday,06:29,18:41,00:07 (+1),10:43,K-Shashthi till 15:05; K-Saptami (past next sunrise),Jyeshtha till 00:32 (+1); Mula (past next sunrise),Vyatipata till 06:07 (+1); Variyan (past next sunrise),Vanija till 15:05; Vishti till 04:04 (+1); Bava (past next sunrise),Krishna Paksha,Phalguna,Suggi,14,,Parabhava,1948,17:10-18:41,12:35-14:07,15:38-17:10,12:11-13:00
2027-03-29,Monday,06:29,18:41,00:58 (+1),11:36,K-Saptami till 17:11; K-Ashtami (past next sunrise),Mula till 03:18 (+1); Purva Ashadha (past next sunrise),Variyan (past next sunrise),Bava till 17:11; Balava till 06:24 (+1); Kaulava (past next sunrise),Krishna Paksha,Phalguna,Suggi,15,,Parabhava,1948,08:00-09:32,11:03-12:35,14:07-15:38,12:11-12:59
2027-03-30,Tuesday,06:28,18:42,01:45 (+1),12:28,K-Ashtami till 19:40; K-Navami (past next sunrise),Purva Ashadha till 06:21 (+1); Uttara Ashadha (past next sunrise),Variyan till 06:54; Parigha (past next sunrise),Kaulava till 19:40; Taitila (past next sunrise),Krishna Paksha,Phalguna,Suggi,16,,Parabhava,1948,15:38-17:10,09:31-11:03,12:35-14:06,12:10-12:59
2027-03-31,Wednesday,06:27,18:42,02:29 (+1),13:20,K-Navami till 22:16; K-Dashami (past next sunrise),Uttara Ashadha (past next sunrise),Parigha till 07:53; Shiva (past next sunrise),Taitila till 08:58; Garaja till 22:16; Vanija (past next sunrise),Krishna Paksha,Phalguna,Suggi,17,,Parabhava,1948,12:34-14:06,07:59-09:31,11:03-12:34,12:10-12:59
2027-04-01,Thursday,06:27,18:42,03:10 (+1),14:10,K-Dashami till 00:45 (+1); K-Ekadashi (past next sunrise),Uttara Ashadha till 09:25; Shravana (past next sunrise),Shiva till 08:52; Siddha (past next sunrise),Vanija till 11:33; Vishti till 00:45 (+1); Bava (past next sunrise),Krishna Paksha,Phalguna,Suggi,18,,Parabhava,1948,14:06-15:38,06:27-07:59,09:30-11:02,12:10-12:59
2027-04-02,Friday,06:26,18:42,03:48 (+1),14:59,K-Ekadashi till 02:52 (+1); K-Dwadashi (past next sunrise),Shravana till 12:16; Dhanishta (past next sunrise),Siddha till 09:41; Sadhya (past next sunrise),Bava till 13:52; Balava till 02:52 (+1); Kaulava (past next sunrise),Krishna Paksha,Phalguna,Suggi,19,,Parabhava,1948,11:02-12:34,15:38-17:10,07:58-09:30,12:09-12:58
2027-04-03,Saturday,06:25,18:42,04:25 (+1),15:47,K-Dwadashi till 04:27 (+1); K-Trayodashi (past next sunrise),Dhanishta till 14:41; Shatabhisha (past next sunrise),Sadhya till 10:10; Shubha (past next sunrise),Kaulava till 15:44; Taitila till 04:27 (+1); Garaja (past next sunrise),Krishna Paksha,Phalguna,Suggi,20,,Parabhava,1948,09:29-11:02,14:06-15:38,06:25-07:57,12:09-12:58
2027-04-04,Sunday,06:25,18:42,05:01 (+1),16:34,K-Trayodashi till 05:23 (+1); K-Chaturdashi (past next sunrise),Shatabhisha till 16:33; Purva Bhadrapada (past next sunrise),Shubha till 10:14; Shukla (past next sunrise),Garaja till 17:00; Vanija till 05:23 (+1); Vishti (past next sunrise),Krishna Paksha,Phalguna,Suggi,21,,Parabhava,1948,17:10-18:42,12:33-14:05,15:38-17:10,12:09-12:58
2027-04-05,Monday,06:24,18:42,05:39 (+1),17:22,K-Chaturdashi till 05:40 (+1); K-Amavasya (past next sunrise),Purva Bhadrapada till 17:47; Uttara Bhadrapada (past next sunrise),Shukla till 09:47; Brahma (past next sunrise),Vishti till 17:37; Shakuni till 05:40 (+1); Chatushpada (past next sunrise),Krishna Paksha,Phalguna,Suggi,22,,Parabhava,1948,07:56-09:29,11:01-12:33,14:05-15:37,12:08-12:58
2027-04-06,Tuesday,06:23,18:42,06:18 (+1),18:12,K-Amavasya till 05:21 (+1); S-Pratipada (past next sunrise),Uttara Bhadrapada till 18:23; Revati (past next sunrise),Brahma till 08:51; Indra (past next sunrise),Chatushpada till 17:35; Naga till 05:21 (+1); Kimstughna (past next sunrise),Krishna Paksha,Phalguna,Suggi,23,,Parabhava,1948,15:37-17:10,09:28-11:00,12:33-14:05,12:08-12:57
2027-04-07,Wednesday,06:23,18:42,,19:04,S-Pratipada till 04:29 (+1); S-Dwitiya (past next sunrise),Revati till 18:25; Ashwini (past next sunrise),Indra till 07:26; Vaidhriti till 05:36 (+1); Vishkambha (past next sunrise),Kimstughna till 16:58; Bava till 04:29 (+1); Balava (past next sunrise),Shukla Paksha,Chaitra,Suggi,24,,Plavanga,1949,12:32-14:05,07:55-09:28,11:00-12:32,12:08-12:57
2027-04-08,Thursday,06:22,18:42,07:00,20:00,S-Dwitiya till 03:10 (+1); S-Tritiya (past next sunrise),Ashwini till 17:59; Bharani (past next sunrise),Vishkambha till 03:25 (+1); Priti (past next sunrise),Balava till 15:52; Kaulava till 03:10 (+1); Taitila (past next sunrise),Shukla Paksha,Chaitra,Suggi,25,,Plavanga,1949,14:05-15:37,06:22-07:55,09:27-11:00,12:07-12:57
2027-04-09,Friday,06:22,18:42,07:47,20:59,S-Tritiya till 01:32 (+1); S-Chaturthi (past next sunrise),Bharani till 17:11; Krittika (past next sunrise),Priti till 00:59 (+1); Ayushman (past next sunrise),Taitila till 14:23; Garaja till 01:32 (+1); Vanija (past next sunrise),Shukla Paksha,Chaitra,Suggi,26,,Plavanga,1949,10:59-12:32,15:37-17:10,07:54-09:27,12:07-12:57
2027-04-10,Saturday,06:21,18:42,08:40,22:01,S-Chaturthi till 23:40; S-Panchami (past next sunrise),Krittika till 16:07; Rohini (past next sunrise),Ayushman till 22:21; Saubhagya (past next sunrise),Vanija till 12:37; Vishti till 23:40; Bava (past next sunrise),Shukla Paksha,Chaitra,Suggi,27,,Plavanga,1949,09:26-10:59,14:04-15:37,06:21-07:54,12:07-12:56
2027-04-11,Sunday,06:20,18:42,09:38,23:04,S-Panchami till 21:39; S-Shashthi (past next sunrise),Rohini till 14:53; Mrigashira (past next sunrise),Saubhagya till 19:36; Shobhana (past next sunrise),Bava till 10:40; Balava till 21:39; Kaulava (past next sunrise),Shukla Paksha,Chaitra,Suggi,28,,Plavanga,1949,17:10-18:42,12:31-14:04,15:37-17:10,12:07-12:56
2027-04-12,Monday,06:20,18:42,10:39,00:04 (+1),S-Shashthi till 19:35; S-Saptami (past next sunrise),Mrigashira till 13:34; Ardra (past next sunrise),Shobhana till 16:48; Atiganda (past next sunrise),Kaulava till 08:37; Taitila till 19:35; Garaja (past next sunrise),Shukla Paksha,Chaitra,Suggi,29,,Plavanga,1949,07:53-09:25,10:58-12:31,14:04-15:37,12:06-12:56
2027-04-13,Tuesday,06:19,18:43,11:43,01:01 (+1),S-Saptami till 17:29; S-Ashtami (past next sunrise),Ardra till 12:13; Punarvasu (past next sunrise),Atiganda till 13:59; Sukarma (past next sunrise),Garaja till 06:32; Vanija till 17:29; Vishti till 04:26 (+1); Bava (past next sunrise),Shukla Paksha,Chaitra,Suggi,30,,Plavanga,1949,15:37-17:10,09:25-10:58,12:31-14:04,12:06-12:56
2027-04-14,Wednesday,06:18,18:43,12:45,01:53 (+1),S-Ashtami till 15:24; S-Navami (past next sunrise),Punarvasu till 10:52; Pushya (past next sunrise),Sukarma till 11:10; Dhriti (past next sunrise),Bava till 15:24; Balava till 02:22 (+1); Kaulava (past next sunrise),Shukla Paksha,Chaitra,Paggu,1,Mesha 15:28,Plavanga,1949,12:31-14:04,07:52-09:25,10:58-12:31,12:06-12:55
2027-04-15,Thursday,06:18,18:43,13:45,02:41 (+1),S-Navami till 13:21; S-Dashami (past next sunrise),Pushya till 09:33; Ashlesha (past next sunrise),Dhriti till 08:23; Shula till 05:38 (+1); Ganda (past next sunrise),Kaulava till 13:21; Taitila till 00:21 (+1); Garaja (past next sunrise),Shukla Paksha,Chaitra,Paggu,2,,Plavanga,1949,14:03-15:37,06:18-07:51,09:24-10:57,12:05-12:55
2027-04-16,Friday,06:17,18:43,14:42,03:24 (+1),S-Dashami till 11:22; S-Ekadashi (past next sunrise),Ashlesha till 08:18; Magha (past next sunrise),Ganda till 02:58 (+1); Vriddhi (past next sunrise),Garaja till 11:22; Vanija till 22:24; Vishti (past next sunrise),Shukla Paksha,Chaitra,Paggu,3,,Plavanga,1949,10:57-12:30,15:36-17:10,07:51-09:24,12:05-12:55
2027-04-17,Saturday,06:17,18:43,15:37,04:06 (+1),S-Ekadashi till 09:28; S-Dwadashi (past next sunrise),Magha till 07:08; Purva Phalguni till 06:06 (+1); Uttara Phalguni (past next sunrise),Vriddhi till 00:24 (+1); Dhruva (past next sunrise),Vishti till 09:28; Bava till 20:34; Balava (past next sunrise),Shukla Paksha,Chaitra,Paggu,4,,Plavanga,1949,09:23-10:57,14:03-15:36,06:17-07:50,12:05-12:55
2027-04-18,Sunday,06:16,18:43,16:31,04:46 (+1),S-Dwadashi till 07:42; S-Trayodashi till 06:08 (+1); S-Chaturdashi (past next sunrise),Uttara Phalguni till 05:15 (+1); Hasta (past next sunrise),Dhruva till 21:58; Vyaghata (past next sunrise),Balava till 07:42; Kaulava till 18:54; Taitila till 06:08 (+1); Garaja (past next sunrise),Shukla Paksha,Chaitra,Paggu,5,,Plavanga,1949,17:10-18:43,12:30-14:03,15:36-17:10,12:05-12:55
2027-04-19,Monday,06:16,18:43,17:23,05:27 (+1),S-Chaturdashi till 04:51 (+1); S-Purnima (past next sunrise),Hasta till 04:40 (+1); Chitra (past next sunrise),Vyaghata till 19:44; Harshana (past next sunrise),Garaja till 17:28; Vanija till 04:51 (+1); Vishti (past next sunrise),Shukla Paksha,Chaitra,Paggu,6,,Plavanga,1949,07:49-09:23,10:56-12:29,14:03-15:36,12:04-12:54
2027-04-20,Tuesday,06:15,18:43,18:17,06:10 (+1),S-Purnima till 03:57 (+1); K-Pratipada (past next sunrise),Chitra till 04:28 (+1); Swati (past next sunrise),Harshana till 17:47; Vajra (past next sunrise),Vishti till 16:21; Bava till 03:57 (+1); Balava (past next sunrise),Shukla Paksha,Chaitra,Paggu,7,,Plavanga,1949,15:36-17:10,09:22-10:56,12:29-14:03,12:04-12:54
2027-04-21,Wednesday,06:15,18:43,19:11,,K-Pratipada till 03:30 (+1); K-Dwitiya (past next sunrise),Swati till 04:44 (+1); Vishakha (past next sunrise),Vajra till 16:10; Siddhi (past next sunrise),Balava till 15:39; Kaulava till 03:30 (+1); Taitila (past next sunrise),Krishna Paksha,Chaitra,Paggu,8,,Plavanga,1949,12:29-14:03,07:48-09:22,10:55-12:29,12:04-12:54
2027-04-22,Thursday,06:14,18:44,20:06,06:55,K-Dwitiya till 03:37 (+1); K-Tritiya (past next sunrise),Vishakha till 05:32 (+1); Anuradha (past next sunrise),Siddhi till 14:57; Vyatipata (past next sunrise),Taitila till 15:29; Garaja till 03:37 (+1); Vanija (past next sunrise),Krishna Paksha,Chaitra,Paggu,9,,Plavanga,1949,14:02-15:36,06:14-07:48,09:21-10:55,12:04-12:54
2027-04-23,Friday,06:13,18:44,21:02,07:43,K-Tritiya till 04:21 (+1); K-Chaturthi (past next sunrise),Anuradha (past next sunrise),Vyatipata till 14:13; Variyan (past next sunrise),Vanija till 15:54; Vishti till 04:21 (+1); Bava (past next sunrise),Krishna Paksha,Chaitra,Paggu,10,,Plavanga,1949,10:55-12:29,15:36-17:10,07:47-09:21,12:04-12:54
2027-04-24,Saturday,06:13,18:44,21:57,08:34,K-Chaturthi till 05:42 (+1); K-Panchami (past next sunrise),Anuradha till 06:57; Jyeshtha (past next sunrise),Variyan till 13:58; Parigha (past next sunrise),Bava till 16:57; Balava till 05:42 (+1); Kaulava (past next sunrise),Krishna Paksha,Chaitra,Paggu,11,,Plavanga,1949,09:21-10:55,14:02-15:36,06:13-07:47,12:03-12:53
2027-04-25,Sunday,06:12,18:44,22:49,09:26,K-Panchami (past next sunrise),Jyeshtha till 08:57; Mula (past next sunrise),Parigha till 14:11; Shiva (past next sunrise),Kaulava till 18:35; Taitila (past next sunrise),Krishna Paksha,Chaitra,Paggu,12,,Plavanga,1949,17:10-18:44,12:28-14:02,15:36-17:10,12:03-12:53
2027-04-26,Monday,06:12,18:44,23:38,10:19,K-Panchami till 07:37; K-Shashthi (past next sunrise),Mula till 11:30; Purva Ashadha (past next sunrise),Shiva till 14:48; Siddha (past next sunrise),Taitila till 07:37; Garaja till 20:45; Vanija (past next sunrise),Krishna Paksha,Chaitra,Paggu,13,,Plavanga,1949,07:46-09:20,10:54-12:28,14:02-15:36,12:03-12:53
2027-04-27,Tuesday,06:11,18:44,00:23 (+1),11:11,K-Shashthi till 09:57; K-Saptami (past next sunrise),Purva Ashadha till 14:25; Uttara Ashadha (past next sunrise),Siddha till 15:42; Sadhya (past next sunrise),Vanija till 09:57; Vishti till 23:13; Bava (past next sunrise),Krishna Paksha,Chaitra,Paggu,14,,Plavanga,1949,15:36-17:10,09:20-10:54,12:28-14:02,12:03-12:53
2027-04-28,Wednesday,06:11,18:44,01:05 (+1),12:02,K-Saptami till 12:31; K-Ashtami (past next sunrise),Uttara Ashadha till 17:30; Shravana (past next sunrise),Sadhya till 16:44; Shubha (past next sunrise),Bava till 12:31; Balava till 01:47 (+1); Kaulava (past next sunrise),Krishna Paksha,Chaitra,Paggu,15,,Plavanga,1949,12:28-14:02,07:45-09:19,10:54-12:28,12:03-12:53
2027-04-29,Thursday,06:11,18:45,01:44 (+1),12:51,K-Ashtami till 15:02; K-Navami (past next sunrise),Shravana till 20:31; Dhanishta (past next sunrise),Shubha till 17:42; Shukla (past next sunrise),Kaulava till 15:02; Taitila till 04:11 (+1); Garaja (past next sunrise),Krishna Paksha,Chaitra,Paggu,16,,Plavanga,1949,14:02-15:36,06:11-07:45,09:19-10:53,12:02-12:53
2027-04-30,Friday,06:10,18:45,02:21 (+1),13:39,K-Navami till 17:14; K-Dashami (past next sunrise),Dhanishta till 23:10; Shatabhisha (past next sunrise),Shukla till 18:25; Brahma (past next sunrise),Garaja till 17:14; Vanija till 06:08 (+1); Vishti (past next sunrise),Krishna Paksha,Chaitra,Paggu,17,,Plavanga,1949,10:53-12:27,15:36-17:10,07:44-09:19,12:02-12:53
2027-05-01,Saturday,06:10,18:45,02:57 (+1),14:26,K-Dashami till 18:54; K-Ekadashi (past next sunrise),Shatabhisha till 01:16 (+1); Purva Bhadrapada (past next sunrise),Brahma till 18:43; Indra (past next sunrise),Vishti till 18:54; Bava (past next sunrise),Krishna Paksha,Chaitra,Paggu,18,,Plavanga,1949,09:18-10:53,14:02-15:36,06:10-07:44,12:02-12:52
2027-05-02,Sunday,06:09,18:45,03:34 (+1),15:13,K-Ekadashi till 19:52; K-Dwadashi (past next sunrise),Purva Bhadrapada till 02:40 (+1); Uttara Bhadrapada (past next sunrise),Indra till 18:29; Vaidhriti (past next sunrise),Bava till 07:28; Balava till 19:52; Kaulava (past next sunrise),Krishna Paksha,Chaitra,Paggu,19,,Plavanga,1949,17:11-18:45,12:27-14:02,15:36-17:11,12:02-12:52
2027-05-03,Monday,06:09,18:45,04:12 (+1),16:02,K-Dwadashi till 20:04; K-Trayodashi (past next sunrise),Uttara Bhadrapada till 03:19 (+1); Revati (past next sunrise),Vaidhriti till 17:39; Vishkambha (past next sunrise),Kaulava till 08:04; Taitila till 20:04; Garaja (past next sunrise),Krishna Paksha,Chaitra,Paggu,20,,Plavanga,1949,07:43-09:18,10:53-12:27,14:02-15:36,12:02-12:52
2027-05-04,Tuesday,06:08,18:46,04:53 (+1),16:53,K-Trayodashi till 19:31; K-Chaturdashi (past next sunrise),Revati till 03:15 (+1); Ashwini (past next sunrise),Vishkambha till 16:14; Priti (past next sunrise),Garaja till 07:53; Vanija till 19:31; Vishti (past next sunrise),Krishna Paksha,Chaitra,Paggu,21,,Plavanga,1949,15:36-17:11,09:18-10:52,12:27-14:02,12:02-12:52
2027-05-05,Wednesday,06:08,18:46,05:39 (+1),17:47,K-Chaturdashi till 18:17; K-Amavasya (past next sunrise),Ashwini till 02:32 (+1); Bharani (past next sunrise),Priti till 14:15; Ayushman (past next sunrise),Vishti till 06:59; Shakuni till 18:17; Chatushpada till 05:26 (+1); Naga (past next sunrise),Krishna Paksha,Chaitra,Paggu,22,,Plavanga,1949,12:27-14:02,07:43-09:17,10:52-12:27,12:02-12:52
2027-05-06,Thursday,06:08,18:46,,18:46,K-Amavasya till 16:28; S-Pratipada (past next sunrise),Bharani till 01:18 (+1); Krittika (past next sunrise),Ayushman till 11:47; Saubhagya (past next sunrise),Naga till 16:28; Kimstughna till 03:24 (+1); Bava (past next sunrise),Krishna Paksha,Chaitra,Paggu,23,,Plavanga,1949,14:02-15:36,06:08-07:42,09:17-10:52,12:02-12:52
2027-05-07,Friday,06:07,18:46,06:30,19:48,S-Pratipada till 14:14; S-Dwitiya (past next sunrise),Krittika till 23:42; Rohini (past next sunrise),Saubhagya till 08:57; Shobhana till 05:51 (+1); Atiganda (past next sunrise),Bava till 14:14; Balava till 01:00 (+1); Kaulava (past next sunrise),Shukla Paksha,Vaishakha,Paggu,24,,Plavanga,1949,10:52-12:27,15:36-17:11,07:42-09:17,12:01-12:52
2027-05-08,Saturday,06:07,18:46,07:28,20:53,S-Dwitiya till 11:43; S-Tritiya (past next sunrise),Rohini till 21:53; Mrigashira (past next sunrise),Atiganda till 02:37 (+1); Sukarma (past next sunrise),Kaulava till 11:43; Taitila till 22:24; Garaja (past next sunrise),Shukla Paksha,Vaishakha,Paggu,25,,Plavanga,1949,09:17-10:52,14:02-15:37,06:07-07:42,12:01-12:52
2027-05-09,Sunday,06:07,18:47,08:30,21:56,S-Tritiya till 09:03; S-Chaturthi (past next sunrise),Mrigashira till 19:59; Ardra (past next sunrise),Sukarma till 23:20; Dhriti (past next sunrise),Garaja till 09:03; Vanija till 19:43; Vishti (past next sunrise),Shukla Paksha,Vaishakha,Paggu,26,,Plavanga,1949,17:12-18:47,12:27-14:02,15:37-17:12,12:01-12:52
2027-05-10,Monday,06:06,18:47,09:35,22:56,S-Chaturthi till 06:23; S-Panchami till 03:48 (+1); S-Shashthi (past next sunrise),Ardra till 18:08; Punarvasu (past next sunrise),Dhriti till 20:06; Shula (past next sunrise),Vishti till 06:23; Bava till 17:04; Balava till 03:48 (+1); Kaulava (past next sunrise),Shukla Paksha,Vaishakha,Paggu,27,,Plavanga,1949,07:41-09:16,10:52-12:27,14:02-15:37,12:01-12:52
2027-05-11,Tuesday,06:06,18:47,10:39,23:50,S-Shashthi till 01:24 (+1); S-Saptami (past next sunrise),Punarvasu till 16:25; Pushya (past next sunrise),Shula till 17:00; Ganda (past next sunrise),Kaulava till 14:34; Taitila till 01:24 (+1); Garaja (past next sunrise),Shukla Paksha,Vaishakha,Paggu,28,,Plavanga,1949,15:37-17:12,09:16-10:51,12:27-14:02,12:01-12:52
2027-05-12,Wednesday,06:06,18:47,11:40,00:39 (+1),S-Saptami till 23:13; S-Ashtami (past next sunrise),Pushya till 14:56; Ashlesha (past next sunrise),Ganda till 14:04; Vriddhi (past next sunrise),Garaja till 12:16; Vanija till 23:13; Vishti (past next sunrise),Shukla Paksha,Vaishakha,Paggu,29,,Plavanga,1949,12:27-14:02,07:41-09:16,10:51-12:27,12:01-12:52
2027-05-13,Thursday,06:05,18:48,12:38,01:24 (+1),S-Ashtami till 21:18; S-Navami (past next sunrise),Ashlesha till 13:41; Magha (past next sunrise),Vriddhi till 11:20; Dhruva (past next sunrise),Vishti till 10:13; Bava till 21:18; Balava (past next sunrise),Shukla Paksha,Vaishakha,Paggu,30,,Plavanga,1949,14:02-15:37,06:05-07:41,09:16-10:51,12:01-12:52
2027-05-14,Friday,06:05,18:48,13:33,02:05 (+1),S-Navami till 19:39; S-Dashami (past next sunrise),Magha till 12:42; Purva Phalguni (past next sunrise),Dhruva till 08:50; Vyaghata (past next sunrise),Balava till 08:26; Kaulava till 19:39; Taitila (past next sunrise),Shukla Paksha,Vaishakha,Paggu,31,,Plavanga,1949,10:51-12:27,15:37-17:12,07:41-09:16,12:01-12:52
2027-05-15,Saturday,06:05,18:48,14:26,02:45 (+1),S-Dashami till 18:17; S-Ekadashi (past next sunrise),Purva Phalguni till 12:00; Uttara Phalguni (past next sunrise),Vyaghata till 06:33; Harshana till 04:31 (+1); Vajra (past next sunrise),Taitila till 06:56; Garaja till 18:17; Vanija till 05:43 (+1); Vishti (past next sunrise),Shukla Paksha,Vaishakha,Beshe,1,Vrishabha 12:19,Plavanga,1949,09:16-10:51,14:02-15:37,06:05-07:40,12:01-12:52
2027-05-16,Sunday,06:05,18:48,15:18,03:25 (+1),S-Ekadashi till 17:13; S-Dwadashi (past next sunrise),Uttara Phalguni till 11:35; Hasta (past next sunrise),Vajra till 02:42 (+1); Siddhi (past next sunrise),Vishti till 17:13; Bava till 04:48 (+1); Balava (past next sunrise),Shukla Paksha,Vaishakha,Beshe,2,,Plavanga,1949,17:13-18:48,12:27-14:02,15:37-17:13,12:01-12:52
2027-05-17,Monday,06:04,18:49,16:10,04:06 (+1),S-Dwadashi till 16:28; S-Trayodashi (past next sunrise),Hasta till 11:29; Chitra (past next sunrise),Siddhi till 01:10 (+1); Vyatipata (past next sunrise),Balava till 16:28; Kaulava till 04:13 (+1); Taitila (past next sunrise),Shukla Paksha,Vaishakha,Beshe,3,,Plavanga,1949,07:40-09:16,10:51-12:27,14:02-15:38,12:01-12:52
2027-05-18,Tuesday,06:04,18:49,17:03,04:50 (+1),S-Trayodashi till 16:04; S-Chaturdashi (past next sunrise),Chitra till 11:43; Swati (past next sunrise),Vyatipata till 23:55; Variyan (past next sunrise),Taitila till 16:04; Garaja till 04:00 (+1); Vanija (past next sunrise),Shukla Paksha,Vaishakha,Beshe,4,,Plavanga,1949,15:38-17:13,09:15-10:51,12:27-14:02,12:01-12:52
2027-05-19,Wednesday,06:04,18:49,17:57,05:36 (+1),S-Chaturdashi till 16:03; S-Purnima (past next sunrise),Swati till 12:19; Vishakha (past next sunrise),Variyan till 23:00; Parigha (past next sunrise),Vanija till 16:03; Vishti till 04:12 (+1); Bava (past next sunrise),Shukla Paksha,Vaishakha,Beshe,5,,Plavanga,1949,12:27-14:02,07:40-09:15,10:51-12:27,12:01-12:52
2027-05-20,Thursday,06:04,18:49,18:52,,S-Purnima till 16:29; K-Pratipada (past next sunrise),Vishakha till 13:21; Anuradha (past next sunrise),Parigha till 22:26; Shiva (past next sunrise),Bava till 16:29; Balava till 04:52 (+1); Kaulava (past next sunrise),Shukla Paksha,Vaishakha,Beshe,6,,Plavanga,1949,14:02-15:38,06:04-07:40,09:15-10:51,12:01-12:52
2027-05-21,Friday,06:04,18:50,19:47,06:25,K-Pratipada till 17:23; K-Dwitiya (past next sunrise),Anuradha till 14:51; Jyeshtha (past next sunrise),Shiva till 22:15; Siddha (past next sunrise),Kaulava till 17:23; Taitila till 06:02 (+1); Garaja (past next sunrise),Krishna Paksha,Vaishakha,Beshe,7,,Plavanga,1949,10:51-12:27,15:38-17:14,07:39-09:15,12:01-12:52
2027-05-22,Saturday,06:04,18:50,20:40,07:17,K-Dwitiya till 18:48; K-Tritiya (past next sunrise),Jyeshtha till 16:50; Mula (past next sunrise),Siddha till 22:27; Sadhya (past next sunrise),Garaja till 18:48; Vanija (past next sunrise),Krishna Paksha,Vaishakha,Beshe,8,,Plavanga,1949,09:15-10:51,14:03-15:38,06:04-07:39,12:01-12:52
2027-05-23,Sunday,06:03,18:50,21:31,08:10,K-Tritiya till 20:42; K-Chaturthi (past next sunrise),Mula till 19:17; Purva Ashadha (past next sunrise),Sadhya till 23:02; Shubha (past next sunrise),Vanija till 07:41; Vishti till 20:42; Bava (past next sunrise),Krishna Paksha,Vaishakha,Beshe,9,,Plavanga,1949,17:14-18:50,12:27-14:03,15:39-17:14,12:01-12:52
2027-05-24,Monday,06:03,18:51,22:18,09:03,K-Chaturthi till 22:59; K-Panchami (past next sunrise),Purva Ashadha till 22:08; Uttara Ashadha (past next sunrise),Shubha till 23:54; Shukla (past next sunrise),Bava till 09:48; Balava till 22:59; Kaulava (past next sunrise),Krishna Paksha,Vaishakha,Beshe,10,,Plavanga,1949,07:39-09:15,10:51-12:27,14:03-15:39,12:01-12:53
2027-05-25,Tuesday,06:03,18:51,23:00,09:54,K-Panchami till 01:31 (+1); K-Shashthi (past next sunrise),Uttara Ashadha till 01:12 (+1); Shravana (past next sunrise),Shukla till 00:57 (+1); Brahma (past next sunrise),Kaulava till 12:14; Taitila till 01:31 (+1); Garaja (past next sunrise),Krishna Paksha,Vaishakha,Beshe,11,,Plavanga,1949,15:39-17:15,09:15-10:51,12:27-14:03,12:01-12:53
2027-05-26,Wednesday,06:03,18:51,23:40,10:44,K-Shashthi till 04:05 (+1); K-Saptami (past next sunrise),Shravana till 04:19 (+1); Dhanishta (past next sunrise),Brahma till 02:02 (+1); Indra (past next sunrise),Garaja till 14:48; Vanija till 04:05 (+1); Vishti (past next sunrise),Krishna Paksha,Vaishakha,Beshe,12,,Plavanga,1949,12:27-14:03,07:39-09:15,10:51-12:27,12:02-12:53
2027-05-27,Thursday,06:03,18:51,00:17 (+1),11:32,K-Saptami (past next sunrise),Dhanishta (past next sunrise),Indra till 02:58 (+1); Vaidhriti (past next sunrise),Vishti till 17:18; Bava (past next sunrise),Krishna Paksha,Vaishakha,Beshe,13,,Plavanga,1949,14:03-15:39,06:03-07:39,09:15-10:51,12:02-12:53
2027-05-28,Friday,06:03,18:52,00:53 (+1),12:18,K-Saptami till 06:26; K-Ashtami (past next sunrise),Dhanishta till 07:14; Shatabhisha (past next sunrise),Vaidhriti till 03:34 (+1); Vishkambha (past next sunrise),Bava till 06:26; Balava till 19:27; Kaulava (past next sunrise),Krishna Paksha,Vaishakha,Beshe,14,,Plavanga,1949,10:51-12:27,15:40-17:16,07:39-09:15,12:02-12:53
2027-05-29,Saturday,06:03,18:52,01:29 (+1),13:05,K-Ashtami till 08:20; K-Navami (past next sunrise),Shatabhisha till 09:42; Purva Bhadrapada (past next sunrise),Vishkambha till 03:43 (+1); Priti (past next sunrise),Kaulava till 08:20; Taitila till 21:03; Garaja (past next sunrise),Krishna Paksha,Vaishakha,Beshe,15,,Plavanga,1949,09:15-10:51,14:04-15:40,06:03-07:39,12:02-12:53
2027-05-30,Sunday,06:03,18:52,02:06 (+1),13:52,K-Navami till 09:35; K-Dashami (past next sunrise),Purva Bhadrapada till 11:32; Uttara Bhadrapada (past next sunrise),Priti till 03:15 (+1); Ayushman (past next sunrise),Garaja till 09:35; Vanija till 21:55; Vishti (past next sunrise),Krishna Paksha,Vaishakha,Beshe,16,,Plavanga,1949,17:16-18:52,12:28-14:04,15:40-17:16,12:02-12:53
2027-05-31,Monday,06:03,18:53,02:45 (+1),14:41,K-Dashami till 10:02; K-Ekadashi (past next sunrise),Uttara Bhadrapada till 12:35; Revati (past next sunrise),Ayushman till 02:08 (+1); Saubhagya (past next sunrise),Vishti till 10:02; Bava till 21:57; Balava (past next sunrise),Krishna Paksha,Vaishakha,Beshe,17,,Plavanga,1949,07:39-09:15,10:52-12:28,14:04-15:40,12:02-12:53
2027-06-01,Tuesday,06:03,18:53,03:28 (+1),15:33,K-Ekadashi till 09:40; K-Dwadashi (past next sunrise),Revati till 12:50; Ashwini (past next sunrise),Saubhagya till 00:22 (+1); Shobhana (past next sunrise),Balava till 09:40; Kaulava till 21:10; Taitila (past next sunrise),Krishna Paksha,Vaishakha,Beshe,18,,Plavanga,1949,15:40-17:17,09:15-10:52,12:28-14:04,12:02-12:54
2027-06-02,Wednesday,06:03,18:53,04:17 (+1),16:29,K-Dwadashi till 08:29; K-Trayodashi (past next sunrise),Ashwini till 12:16; Bharani (past next sunrise),Shobhana till 21:59; Atiganda (past next sunrise),Taitila till 08:29; Garaja till 19:37; Vanija (past next sunrise),Krishna Paksha,Vaishakha,Beshe,19,,Plavanga,1949,12:28-14:04,07:39-09:15,10:52-12:28,12:02-12:54
2027-06-03,Thursday,06:03,18:54,05:12 (+1),17:30,K-Trayodashi till 06:34; K-Chaturdashi till 04:05 (+1); K-Amavasya (past next sunrise),Bharani till 11:02; Krittika (past next sunrise),Atiganda till 19:05; Sukarma (past next sunrise),Vanija till 06:34; Vishti till 17:24; Shakuni till 04:05 (+1); Chatushpada (past next sunrise),Krishna Paksha,Vaishakha,Beshe,20,,Plavanga,1949,14:05-15:41,06:03-07:39,09:16-10:52,12:03-12:54
2027-06-04,Friday,06:03,18:54,,18:35,K-Amavasya till 01:10 (+1); S-Pratipada (past next sunrise),Krittika till 09:14; Rohini (past next sunrise),Sukarma till 15:46; Dhriti (past next sunrise),Chatushpada till 14:40; Naga till 01:10 (+1); Kimstughna (past next sunrise),Krishna Paksha,Vaishakha,Beshe,21,,Plavanga,1949,10:52-12:28,15:41-17:17,07:39-09:16,12:03-12:54
2027-06-05,Saturday,06:03,18:54,06:13,19:40,S-Pratipada till 21:59; S-Dwitiya (past next sunrise),Rohini till 07:02; Mrigashira till 04:37 (+1); Ardra (past next sunrise),Dhriti till 12:10; Shula (past next sunrise),Kimstughna till 11:36; Bava till 21:59; Balava (past next sunrise),Shukla Paksha,Jyeshtha,Beshe,22,,Plavanga,1949,09:16-10:52,14:05-15:41,06:03-07:39,12:03-12:54
2027-06-06,Sunday,06:03,18:54,07:19,20:44,S-Dwitiya till 18:41; S-Tritiya (past next sunrise),Ardra till 02:08 (+1); Punarvasu (past next sunrise),Shula till 08:25; Ganda till 04:38 (+1); Vriddhi (past next sunrise),Balava till 08:20; Kaulava till 18:41; Taitila till 05:03 (+1); Garaja (past next sunrise),Shukla Paksha,Jyeshtha,Beshe,23,,Plavanga,1949,17:18-18:54,12:29-14:05,15:42-17:18,12:03-12:54
2027-06-07,Monday,06:03,18:55,08:26,21:42,S-Tritiya till 15:26; S-Chaturthi (past next sunrise),Punarvasu till 23:45; Pushya (past next sunrise),Vriddhi till 00:58 (+1); Dhruva (past next sunrise),Garaja till 15:26; Vanija till 01:52 (+1); Vishti (past next sunrise),Shukla Paksha,Jyeshtha,Beshe,24,,Plavanga,1949,07:40-09:16,10:52-12:29,14:05-15:42,12:03-12:55
2027-06-08,Tuesday,06:03,18:55,09:30,22:34,S-Chaturthi till 12:22; S-Panchami (past next sunrise),Pushya till 21:36; Ashlesha (past next sunrise),Dhruva till 21:29; Vyaghata (past next sunrise),Vishti till 12:22; Bava till 22:56; Balava (past next sunrise),Shukla Paksha,Jyeshtha,Beshe,25,,Plavanga,1949,15:42-17:19,09:16-10:53,12:29-14:06,12:03-12:55
2027-06-09,Wednesday,06:03,18:55,10:31,23:21,S-Panchami till 09:35; S-Shashthi (past next sunrise),Ashlesha till 19:48; Magha (past next sunrise),Vyaghata till 18:16; Harshana (past next sunrise),Balava till 09:35; Kaulava till 20:20; Taitila (past next sunrise),Shukla Paksha,Jyeshtha,Beshe,26,,Plavanga,1949,12:29-14:06,07:40-09:16,10:53-12:29,12:04-12:55
2027-06-10,Thursday,06:03,18:56,11:28,00:05 (+1),S-Shashthi till 07:11; S-Saptami till 05:14 (+1); S-Ashtami (past next sunrise),Magha till 18:24; Purva Phalguni (past next sunrise),Harshana till 15:24; Vajra (past next sunrise),Taitila till 07:11; Garaja till 18:09; Vanija till 05:14 (+1); Vishti (past next sunrise),Shukla Paksha,Jyeshtha,Beshe,27,,Plavanga,1949,14:06-15:43,06:03-07:40,09:16-10:53,12:04-12:55
2027-06-11,Friday,06:03,18:56,12:22,00:45 (+1),S-Ashtami till 03:45 (+1); S-Navami (past next sunrise),Purva Phalguni till 17:27; Uttara Phalguni (past next sunrise),Vajra till 12:55; Siddhi (past next sunrise),Vishti till 16:26; Bava till 03:45 (+1); Balava (past next sunrise),Shukla Paksha,Jyeshtha,Beshe,28,,Plavanga,1949,10:53-12:30,15:43-17:19,07:40-09:17,12:04-12:55
2027-06-12,Saturday,06:04,18:56,13:15,01:25 (+1),S-Navami till 02:44 (+1); S-Dashami (past next sunrise),Uttara Phalguni till 16:59; Hasta (past next sunrise),Siddhi till 10:48; Vyatipata (past next sunrise),Balava till 15:11; Kaulava till 02:44 (+1); Taitila (past next sunrise),Shukla Paksha,Jyeshtha,Beshe,29,,Plavanga,1949,09:17-10:53,14:06-15:43,06:04-07:40,12:04-12:56
2027-06-13,Sunday,06:04,18:56,14:06,02:06 (+1),S-Dashami till 02:12 (+1); S-Ekadashi (past next sunrise),Hasta till 17:00; Chitra (past next sunrise),Vyatipata till 09:05; Variyan (past next sunrise),Taitila till 14:25; Garaja till 02:12 (+1); Vanija (past next sunrise),Shukla Paksha,Jyeshtha,Beshe,30,,Plavanga,1949,17:20-18:56,12:30-14:07,15:43-17:20,12:04-12:56
2027-06-14,Monday,06:04,18:57,14:58,02:48 (+1),S-Ekadashi till 02:08 (+1); S-Dwadashi (past next sunrise),Chitra till 17:28; Swati (past next sunrise),Variyan till 07:45; Parigha (past next sunrise),Vanija till 14:07; Vishti till 02:08 (+1); Bava (past next sunrise),Shukla Paksha,Jyeshtha,Beshe,31,,Plavanga,1949,07:40-09:17,10:54-12:30,14:07-15:44,12:05-12:56
2027-06-15,Tuesday,06:04,18:57,15:52,03:33 (+1),S-Dwadashi till 02:31 (+1); S-Trayodashi (past next sunrise),Swati till 18:23; Vishakha (past next sunrise),Parigha till 06:46; Shiva (past next sunrise),Bava till 14:16; Balava till 02:31 (+1); Kaulava (past next sunrise),Shukla Paksha,Jyeshtha,Kartel,1,Mithuna 18:55,Plavanga,1949,15:44-17:20,09:17-10:54,12:31-14:07,12:05-12:56
2027-06-16,Wednesday,06:04,18:57,16:46,04:20 (+1),S-Trayodashi till 03:20 (+1); S-Chaturdashi (past next sunrise),Vishakha till 19:44; Anuradha (past next sunrise),Shiva till 06:09; Siddha till 05:53 (+1); Sadhya (past next sunrise),Kaulava till 14:52; Taitila till 03:20 (+1); Garaja (past next sunrise),Shukla Paksha,Jyeshtha,Kartel,2,,Plavanga,1949,12:31-14:07,07:41-09:17,10:54-12:31,12:05-12:56
2027-06-17,Thursday,06:04,18:57,17:40,05:11 (+1),S-Chaturdashi till 04:35 (+1); S-Purnima (past next sunrise),Anuradha till 21:30; Jyeshtha (past next sunrise),Sadhya till 05:56 (+1); Shubha (past next sunrise),Garaja till 15:54; Vanija till 04:35 (+1); Vishti (past next sunrise),Shukla Paksha,Jyeshtha,Kartel,3,,Plavanga,1949,14:08-15:44,06:04-07:41,09:18-10:54,12:05-12:57
2027-06-18,Friday,06:05,18:58,18:34,06:03 (+1),S-Purnima (past next sunrise),Jyeshtha till 23:40; Mula (past next sunrise),Shubha (past next sunrise),Vishti till 17:21; Bava (past next sunrise),Shukla Paksha,Jyeshtha,Kartel,4,,Plavanga,1949,10:55-12:31,15:44-17:21,07:41-09:18,12:05-12:57
2027-06-19,Saturday,06:05,18:58,19:25,,S-Purnima till 06:14; K-Pratipada (past next sunrise),Mula till 02:12 (+1); Purva Ashadha (past next sunrise),Shubha till 06:18; Shukla (past next sunrise),Bava till 06:14; Balava till 19:12; Kaulava (past next sunrise),Shukla Paksha,Jyeshtha,Kartel,5,,Plavanga,1949,09:18-10:55,14:08-15:45,06:05-07:41,12:06-12:57
2027-06-20,Sunday,06:05,18:58,20:13,06:56,K-Pratipada till 08:15; K-Dwitiya (past next sunrise),Purva Ashadha till 05:04 (+1); Uttara Ashadha (past next sunrise),Shukla till 06:58; Brahma (past next sunrise),Kaulava till 08:15; Taitila till 21:23; Garaja (past next sunrise),Krishna Paksha,Jyeshtha,Kartel,6,,Plavanga,1949,17:22-18:58,12:32-14:08,15:45-17:22,12:06-12:57
2027-06-21,Monday,06:05,18:58,20:57,07:48,K-Dwitiya till 10:35; K-Tritiya (past next sunrise),Uttara Ashadha (past next sunrise),Brahma till 07:51; Indra (past next sunrise),Garaja till 10:35; Vanija till 23:50; Vishti (past next sunrise),Krishna Paksha,Jyeshtha,Kartel,7,,Plavanga,1949,07:42-09:18,10:55-12:32,14:08-15:45,12:06-12:58
2027-06-22,Tuesday,06:05,18:59,21:38,08:38,K-Tritiya till 13:07; K-Chaturthi (past next sunrise),Uttara Ashadha till 08:08; Shravana (past next sunrise),Indra till 08:55; Vaidhriti (past next sunrise),Vishti till 13:07; Bava till 02:25 (+1); Balava (past next sunrise),Krishna Paksha,Jyeshtha,Kartel,8,,Plavanga,1949,15:45-17:22,09:19-10:55,12:32-14:09,12:06-12:58
2027-06-23,Wednesday,06:06,18:59,22:16,09:27,K-Chaturthi till 15:43; K-Panchami (past next sunrise),Shravana till 11:17; Dhanishta (past next sunrise),Vaidhriti till 10:02; Vishkambha (past next sunrise),Balava till 15:43; Kaulava till 04:58 (+1); Taitila (past next sunrise),Krishna Paksha,Jyeshtha,Kartel,9,,Plavanga,1949,12:32-14:09,07:42-09:19,10:56-12:32,12:06-12:58
2027-06-24,Thursday,06:06,18:59,22:52,10:13,K-Panchami till 18:10; K-Shashthi (past next sunrise),Dhanishta till 14:21; Shatabhisha (past next sunrise),Vishkambha till 11:06; Priti (past next sunrise),Taitila till 18:10; Garaja (past next sunrise),Krishna Paksha,Jyeshtha,Kartel,10,,Plavanga,1949,14:09-15:46,06:06-07:42,09:19-10:56,12:07-12:58
2027-06-25,Friday,06:06,18:59,23:27,10:59,K-Shashthi till 20:17; K-Saptami (past next sunrise),Shatabhisha till 17:07; Purva Bhadrapada (past next sunrise),Priti till 11:56; Ayushman (past next sunrise),Garaja till 07:17; Vanija till 20:17; Vishti (past next sunrise),Krishna Paksha,Jyeshtha,Kartel,11,,Plavanga,1949,10:56-12:33,15:46-17:23,07:43-09:19,12:07-12:58
2027-06-26,Saturday,06:06,18:59,00:02 (+1),11:45,K-Saptami till 21:52; K-Ashtami (past next sunrise),Purva Bhadrapada till 19:23; Uttara Bhadrapada (past next sunrise),Ayushman till 12:24; Saubhagya (past next sunrise),Vishti till 09:09; Bava till 21:52; Balava (past next sunrise),Krishna Paksha,Jyeshtha,Kartel,12,,Plavanga,1949,09:20-10:56,14:09-15:46,06:06-07:43,12:07-12:59
2027-06-27,Sunday,06:07,19:00,00:39 (+1),12:32,K-Ashtami till 22:45; K-Navami (past next sunrise),Uttara Bhadrapada till 20:59; Revati (past next sunrise),Saubhagya till 12:23; Shobhana (past next sunrise),Balava till 10:24; Kaulava till 22:45; Taitila (past next sunrise),Krishna Paksha,Jyeshtha,Kartel,13,,Plavanga,1949,17:23-19:00,12:33-14:10,15:46-17:23,12:07-12:59
2027-06-28,Monday,06:07,19:00,01:20 (+1),13:21,K-Navami till 22:49; K-Dashami (past next sunrise),Revati till 21:48; Ashwini (past next sunrise),Shobhana till 11:45; Atiganda (past next sunrise),Taitila till 10:53; Garaja till 22:49; Vanija (past next sunrise),Krishna Paksha,Jyeshtha,Kartel,14,,Plavanga,1949,07:43-09:20,10:57-12:33,14:10-15:46,12:08-12:59
2027-06-29,Tuesday,06:07,19:00,02:04 (+1),14:14,K-Dashami till 22:04; K-Ekadashi (past next sunrise),Ashwini till 21:48; Bharani (past next sunrise),Atiganda till 10:28; Sukarma (past next sunrise),Vanija till 10:33; Vishti till 22:04; Bava (past next sunrise),Krishna Paksha,Jyeshtha,Kartel,15,,Plavanga,1949,15:47-17:23,09:20-10:57,12:33-14:10,12:08-12:59
2027-06-30,Wednesday,06:07,19:00,02:55 (+1),15:12,K-Ekadashi till 20:31; K-Dwadashi (past next sunrise),Bharani till 21:01; Krittika (past next sunrise),Sukarma till 08:32; Dhriti till 05:57 (+1); Shula (past next sunrise),Bava till 09:23; Balava till 20:31; Kaulava (past next sunrise),Krishna Paksha,Jyeshtha,Kartel,16,,Plavanga,1949,12:34-14:10,07:44-09:21,10:57-12:34,12:08-12:59
2027-07-01,Thursday,06:08,19:00,03:53 (+1),16:14,K-Dwadashi till 18:15; K-Trayodashi (past next sunrise),Krittika till 19:31; Rohini (past next sunrise),Shula till 02:50 (+1); Ganda (past next sunrise),Kaulava till 07:28; Taitila till 18:15; Garaja till 04:53 (+1); Vanija (past next sunrise),Krishna Paksha,Jyeshtha,Kartel,17,,Plavanga,1949,14:10-15:47,06:08-07:44,09:21-10:57,12:08-13:00
2027-07-02,Friday,06:08,19:00,04:57 (+1),17:19,K-Trayodashi till 15:23; K-Chaturdashi (past next sunrise),Rohini till 17:26; Mrigashira (past next sunrise),Ganda till 23:17; Vriddhi (past next sunrise),Vanija till 15:23; Vishti till 01:47 (+1); Shakuni (past next sunrise),Krishna Paksha,Jyeshtha,Kartel,18,,Plavanga,1949,10:58-12:34,15:47-17:24,07:44-09:21,12:08-13:00
2027-07-03,Saturday,06:08,19:00,06:05 (+1),18:24,K-Chaturdashi till 12:06; K-Amavasya (past next sunrise),Mrigashira till 14:55; Ardra (past next sunrise),Vriddhi till 19:25; Dhruva (past next sunrise),Shakuni till 12:06; Chatushpada till 22:20; Naga (past next sunrise),Krishna Paksha,Jyeshtha,Kartel,19,,Plavanga,1949,09:21-10:58,14:11-15:47,06:08-07:45,12:09-13:00
2027-07-04,Sunday,06:08,19:00,,19:26,K-Amavasya till 08:32; S-Pratipada till 04:51 (+1); S-Dwitiya (past next sunrise),Ardra till 12:10; Punarvasu (past next sunrise),Dhruva till 15:22; Vyaghata (past next sunrise),Naga till 08:32; Kimstughna till 18:42; Bava till 04:51 (+1); Balava (past next sunrise),Krishna Paksha,Jyeshtha,Kartel,20,,Plavanga,1949,17:24-19:00,12:34-14:11,15:47-17:24,12:09-13:00
2027-07-05,Monday,06:09,19:01,07:12,20:23,S-Dwitiya till 01:14 (+1); S-Tritiya (past next sunrise),Punarvasu till 09:19; Pushya (past next sunrise),Vyaghata till 11:16; Harshana (past next sunrise),Balava till 15:01; Kaulava till 01:14 (+1); Taitila (past next sunrise),Shukla Paksha,Ashadha,Kartel,21,,Plavanga,1949,07:45-09:22,10:58-12:35,14:11-15:48,12:09-13:00
2027-07-06,Tuesday,06:09,19:01,08:17,21:14,S-Tritiya till 21:49; S-Chaturthi (past next sunrise),Pushya till 06:34; Ashlesha till 04:03 (+1); Magha (past next sunrise),Harshana till 07:15; Vajra till 03:27 (+1); Siddhi (past next sunrise),Taitila till 11:29; Garaja till 21:49; Vanija (past next sunrise),Shukla Paksha,Ashadha,Kartel,22,,Plavanga,1949,15:48-17:24,09:22-10:58,12:35-14:11,12:09-13:00
2027-07-07,Wednesday,06:09,19:01,09:18,22:00,S-Chaturthi till 18:44; S-Panchami (past next sunrise),Magha till 01:56 (+1); Purva Phalguni (past next sunrise),Siddhi till 23:58; Vyatipata (past next sunrise),Vanija till 08:13; Vishti till 18:44; Bava till 05:22 (+1); Balava (past next sunrise),Shukla Paksha,Ashadha,Kartel,23,,Plavanga,1949,12:35-14:11,07:46-09:22,10:59-12:35,12:09-13:01
2027-07-08,Thursday,06:10,19:01,10:15,22:43,S-Panchami till 16:07; S-Shashthi (past next sunrise),Purva Phalguni till 00:18 (+1); Uttara Phalguni (past next sunrise),Vyatipata till 20:53; Variyan (past next sunrise),Balava till 16:07; Kaulava till 03:01 (+1); Taitila (past next sunrise),Shukla Paksha,Ashadha,Kartel,24,,Plavanga,1949,14:11-15:48,06:10-07:46,09:22-10:59,12:09-13:01
2027-07-09,Friday,06:10,19:01,11:09,23:24,S-Shashthi till 14:04; S-Saptami (past next sunrise),Uttara Phalguni till 23:16; Hasta (past next sunrise),Variyan till 18:16; Parigha (past next sunrise),Taitila till 14:04; Garaja till 01:16 (+1); Vanija (past next sunrise),Shukla Paksha,Ashadha,Kartel,25,,Plavanga,1949,10:59-12:35,15:48-17:24,07:46-09:23,12:10-13:01
2027-07-10,Saturday,06:10,19:01,12:02,00:05 (+1),S-Saptami till 12:37; S-Ashtami (past next sunrise),Hasta till 22:51; Chitra (past next sunrise),Parigha till 16:10; Shiva (past next sunrise),Vanija till 12:37; Vishti till 00:08 (+1); Bava (past next sunrise),Shukla Paksha,Ashadha,Kartel,26,,Plavanga,1949,09:23-10:59,14:12-15:48,06:10-07:46,12:10-13:01
2027-07-11,Sunday,06:10,19:01,12:55,00:47 (+1),S-Ashtami till 11:50; S-Navami (past next sunrise),Chitra till 23:05; Swati (past next sunrise),Shiva till 14:36; Siddha (past next sunrise),Bava till 11:50; Balava till 23:40; Kaulava (past next sunrise),Shukla Paksha,Ashadha,Kartel,27,,Plavanga,1949,17:24-19:01,12:36-14:12,15:48-17:24,12:10-13:01
2027-07-12,Monday,06:11,19:01,13:48,01:31 (+1),S-Navami till 11:41; S-Dashami (past next sunrise),Swati till 23:56; Vishakha (past next sunrise),Siddha till 13:32; Sadhya (past next sunrise),Kaulava till 11:41; Taitila till 23:50; Garaja (past next sunrise),Shukla Paksha,Ashadha,Kartel,28,,Plavanga,1949,07:47-09:23,10:59-12:36,14:12-15:48,12:10-13:01
2027-07-13,Tuesday,06:11,19:01,14:42,02:18 (+1),S-Dashami till 12:09; S-Ekadashi (past next sunrise),Vishakha till 01:22 (+1); Anuradha (past next sunrise),Sadhya till 12:58; Shubha (past next sunrise),Garaja till 12:09; Vanija till 00:36 (+1); Vishti (past next sunrise),Shukla Paksha,Ashadha,Kartel,29,,Plavanga,1949,15:48-17:24,09:23-11:00,12:36-14:12,12:10-13:01
2027-07-14,Wednesday,06:11,19:01,15:36,03:07 (+1),S-Ekadashi till 13:10; S-Dwadashi (past next sunrise),Anuradha till 03:18 (+1); Jyeshtha (past next sunrise),Shubha till 12:49; Shukla (past next sunrise),Vishti till 13:10; Bava till 01:52 (+1); Balava (past next sunrise),Shukla Paksha,Ashadha,Kartel,30,,Plavanga,1949,12:36-14:12,07:47-09:24,11:00-12:36,12:10-13:02
2027-07-15,Thursday,06:12,19:00,16:30,03:59 (+1),S-Dwadashi till 14:41; S-Trayodashi (past next sunrise),Jyeshtha till 05:40 (+1); Mula (past next sunrise),Shukla till 13:03; Brahma (past next sunrise),Balava till 14:41; Kaulava till 03:35 (+1); Taitila (past next sunrise),Shukla Paksha,Ashadha,Kartel,31,,Plavanga,1949,14:12-15:48,06:12-07:48,09:24-11:00,12:10-13:02
2027-07-16,Friday,06:12,19:00,17:21,04:51 (+1),S-Trayodashi till 16:35; S-Chaturdashi (past next sunrise),Mula (past next sunrise),Brahma till 13:36; Indra (past next sunrise),Taitila till 16:35; Garaja till 05:40 (+1); Vanija (past next sunrise),Shukla Paksha,Ashadha,Kartel,32,Karka 05:48 (+1),Plavanga,1949,11:00-12:36,15:48-17:24,07:48-09:24,12:10-13:02
2027-07-17,Saturday,06:12,19:00,18:10,05:43 (+1),S-Chaturdashi till 18:48; S-Purnima (past next sunrise),Mula till 08:21; Purva Ashadha (past next sunrise),Indra till 14:23; Vaidhriti (past next sunrise),Vanija till 18:48; Vishti (past next sunrise),Shukla Paksha,Ashadha,Aati,1,,Plavanga,1949,09:24-11:00,14:12-15:48,06:12-07:48,12:11-13:02
2027-07-18,Sunday,06:12,19:00,18:55,,S-Purnima till 21:14; K-Pratipada (past next sunrise),Purva Ashadha till 11:18; Uttara Ashadha (past next sunrise),Vaidhriti till 15:21; Vishkambha (past next sunrise),Vishti till 08:00; Bava till 21:14; Balava (past next sunrise),Shukla Paksha,Ashadha,Aati,2,,Plavanga,1949,17:24-19:00,12:36-14:12,15:48-17:24,12:11-13:02
2027-07-19,Monday,06:13,19:00,19:37,06:34,K-Pratipada till 23:48; K-Dwitiya (past next sunrise),Uttara Ashadha till 14:23; Shravana (past next sunrise),Vishkambha till 16:26; Priti (past next sunrise),Balava till 10:31; Kaulava till 23:48; Taitila (past next sunrise),Krishna Paksha,Ashadha,Aati,3,,Plavanga,1949,07:49-09:24,11:00-12:36,14:12-15:48,12:11-13:02
2027-07-20,Tuesday,06:13,19:00,20:16,07:23,K-Dwitiya till 02:21 (+1); K-Tritiya (past next sunrise),Shravana till 17:31; Dhanishta (past next sunrise),Priti till 17:32; Ayushman (past next sunrise),Taitila till 13:05; Garaja till 02:21 (+1); Vanija (past next sunrise),Krishna Paksha,Ashadha,Aati,4,,Plavanga,1949,15:48-17:24,09:25-11:01,12:36-14:12,12:11-13:02
2027-07-21,Wednesday,06:13,19:00,20:52,08:10,K-Tritiya till 04:47 (+1); K-Chaturthi (past next sunrise),Dhanishta till 20:34; Shatabhisha (past next sunrise),Ayushman till 18:34; Saubhagya (past next sunrise),Vanija till 15:35; Vishti till 04:47 (+1); Bava (past next sunrise),Krishna Paksha,Ashadha,Aati,5,,Plavanga,1949,12:36-14:12,07:49-09:25,11:01-12:36,12:11-13:02
2027-07-22,Thursday,06:13,19:00,21:27,08:56,K-Chaturthi (past next sunrise),Shatabhisha till 23:25; Purva Bhadrapada (past next sunrise),Saubhagya till 19:27; Shobhana (past next sunrise),Bava till 17:54; Balava (past next sunrise),Krishna Paksha,Ashadha,Aati,6,,Plavanga,1949,14:12-15:48,06:13-07:49,09:25-11:01,12:11-13:02
2027-07-23,Friday,06:14,18:59,22:02,09:42,K-Chaturthi till 06:56; K-Panchami (past next sunrise),Purva Bhadrapada till 01:53 (+1); Uttara Bhadrapada (past next sunrise),Shobhana till 20:03; Atiganda (past next sunrise),Balava till 06:56; Kaulava till 19:52; Taitila (past next sunrise),Krishna Paksha,Ashadha,Aati,7,,Plavanga,1949,11:01-12:37,15:48-17:24,07:49-09:25,12:11-13:02
2027-07-24,Saturday,06:14,18:59,22:38,10:28,K-Panchami till 08:41; K-Shashthi (past next sunrise),Uttara Bhadrapada till 03:52 (+1); Revati (past next sunrise),Atiganda till 20:17; Sukarma (past next sunrise),Taitila till 08:41; Garaja till 21:21; Vanija (past next sunrise),Krishna Paksha,Ashadha,Aati,8,,Plavanga,1949,09:25-11:01,14:12-15:48,06:14-07:50,12:11-13:02
2027-07-25,Sunday,06:14,18:59,23:16,11:15,K-Shashthi till 09:53; K-Saptami (past next sunrise),Revati till 05:14 (+1); Ashwini (past next sunrise),Sukarma till 20:03; Dhriti (past next sunrise),Vanija till 09:53; Vishti till 22:14; Bava (past next sunrise),Krishna Paksha,Ashadha,Aati,9,,Plavanga,1949,17:23-18:59,12:37-14:12,15:48-17:23,12:11-13:02
2027-07-26,Monday,06:14,18:59,23:58,12:05,K-Saptami till 10:25; K-Ashtami (past next sunrise),Ashwini till 05:53 (+1); Bharani (past next sunrise),Dhriti till 19:16; Shula (past next sunrise),Bava till 10:25; Balava till 22:24; Kaulava (past next sunrise),Krishna Paksha,Ashadha,Aati,10,,Plavanga,1949,07:50-09:25,11:01-12:37,14:12-15:48,12:11-13:02
2027-07-27,Tuesday,06:15,18:59,00:44 (+1),12:59,K-Ashtami till 10:13; K-Navami (past next sunrise),Bharani till 05:47 (+1); Krittika (past next sunrise),Shula till 17:53; Ganda (past next sunrise),Kaulava till 10:13; Taitila till 21:50; Garaja (past next sunrise),Krishna Paksha,Ashadha,Aati,11,,Plavanga,1949,15:48-17:23,09:26-11:01,12:37-14:12,12:11-13:02
2027-07-28,Wednesday,06:15,18:58,01:37 (+1),13:57,K-Navami till 09:15; K-Dashami (past next sunrise),Krittika till 04:58 (+1); Rohini (past next sunrise),Ganda till 15:54; Vriddhi (past next sunrise),Garaja till 09:15; Vanija till 20:30; Vishti (past next sunrise),Krishna Paksha,Ashadha,Aati,12,,Plavanga,1949,12:37-14:12,07:50-09:26,11:01-12:37,12:11-13:02
2027-07-29,Thursday,06:15,18:58,02:37 (+1),14:59,K-Dashami till 07:34; K-Ekadashi till 05:13 (+1); K-Dwadashi (past next sunrise),Rohini till 03:28 (+1); Mrigashira (past next sunrise),Vriddhi till 13:20; Dhruva (past next sunrise),Vishti till 07:34; Bava till 18:28; Balava till 05:13 (+1); Kaulava (past next sunrise),Krishna Paksha,Ashadha,Aati,13,,Plavanga,1949,14:12-15:47,06:15-07:50,09:26-11:01,12:11-13:02
2027-07-30,Friday,06:15,18:58,03:41 (+1),16:03,K-Dwadashi till 02:18 (+1); K-Trayodashi (past next sunrise),Mrigashira till 01:23 (+1); Ardra (past next sunrise),Dhruva till 10:14; Vyaghata (past next sunrise),Kaulava till 15:49; Taitila till 02:18 (+1); Garaja (past next sunrise),Krishna Paksha,Ashadha,Aati,14,,Plavanga,1949,11:01-12:36,15:47-17:22,07:51-09:26,12:11-13:02
2027-07-31,Saturday,06:15,18:57,04:49 (+1),17:06,K-Trayodashi till 22:58; K-Chaturdashi (past next sunrise),Ardra till 22:53; Punarvasu (past next sunrise),Vyaghata till 06:41; Harshana till 02:49 (+1); Vajra (past next sunrise),Garaja till 12:41; Vanija till 22:58; Vishti (past next sunrise),Krishna Paksha,Ashadha,Aati,15,,Plavanga,1949,09:26-11:01,14:12-15:47,06:15-07:51,12:11-13:02
2027-08-01,Sunday,06:16,18:57,05:55 (+1),18:06,K-Chaturdashi till 19:20; K-Amavasya (past next sunrise),Punarvasu till 20:05; Pushya (past next sunrise),Vajra till 22:43; Siddhi (past next sunrise),Vishti till 09:10; Shakuni till 19:20; Chatushpada till 05:28 (+1); Naga (past next sunrise),Krishna Paksha,Ashadha,Aati,16,,Plavanga,1949,17:22-18:57,12:36-14:12,15:47-17:22,12:11-13:02
2027-08-02,Monday,06:16,18:57,,19:00,K-Amavasya till 15:35; S-Pratipada (past next sunrise),Pushya till 17:09; Ashlesha (past next sunrise),Siddhi till 18:32; Vyatipata (past next sunrise),Naga till 15:35; Kimstughna till 01:42 (+1); Bava (past next sunrise),Krishna Paksha,Ashadha,Aati,17,,Plavanga,1949,07:51-09:26,11:01-12:36,14:11-15:47,12:11-13:02
2027-08-03,Tuesday,06:16,18:56,06:59,19:49,S-Pratipada till 11:51; S-Dwitiya (past next sunrise),Ashlesha till 14:16; Magha (past next sunrise),Vyatipata till 14:24; Variyan (past next sunrise),Bava till 11:51; Balava till 22:04; Kaulava (past next sunrise),Shukla Paksha,Shravana,Aati,18,,Plavanga,1949,15:46-17:21,09:26-11:01,12:36-14:11,12:11-13:02
2027-08-04,Wednesday,06:16,18:56,07:59,20:35,S-Dwitiya till 08:20; S-Tritiya till 05:09 (+1); S-Chaturthi (past next sunrise),Magha till 11:36; Purva Phalguni (past next sunrise),Variyan till 10:27; Parigha (past next sunrise),Kaulava till 08:20; Taitila till 18:41; Garaja till 05:09 (+1); Vanija (past next sunrise),Shukla Paksha,Shravana,Aati,19,,Plavanga,1949,12:36-14:11,07:51-09:26,11:01-12:36,12:11-13:01
2027-08-05,Thursday,06:16,18:56,08:57,21:18,S-Chaturthi till 02:28 (+1); S-Panchami (past next sunrise),Purva Phalguni till 09:19; Uttara Phalguni (past next sunrise),Parigha till 06:49; Shiva till 03:35 (+1); Siddha (past next sunrise),Vanija till 15:44; Vishti till 02:28 (+1); Bava (past next sunrise),Shukla Paksha,Shravana,Aati,20,,Plavanga,1949,14:11-15:46,06:16-07:51,09:26-11:01,12:11-13:01
2027-08-06,Friday,06:17,18:55,09:52,22:00,S-Panchami till 00:23 (+1); S-Shashthi (past next sunrise),Uttara Phalguni till 07:33; Hasta (past next sunrise),Siddha till 00:51 (+1); Sadhya (past next sunrise),Bava till 13:20; Balava till 00:23 (+1); Kaulava (past next sunrise),Shukla Paksha,Shravana,Aati,21,,Plavanga,1949,11:01-12:36,15:46-17:20,07:51-09:26,12:11-13:01
2027-08-07,Saturday,06:17,18:55,10:47,22:43,S-Shashthi till 23:01; S-Saptami (past next sunrise),Hasta till 06:25; Chitra till 06:01 (+1); Swati (past next sunrise),Sadhya till 22:43; Shubha (past next sunrise),Kaulava till 11:36; Taitila till 23:01; Garaja (past next sunrise),Shukla Paksha,Shravana,Aati,22,,Plavanga,1949,09:26-11:01,14:11-15:45,06:17-07:52,12:11-13:01
2027-08-08,Sunday,06:17,18:55,11:41,23:28,S-Saptami till 22:24; S-Ashtami (past next sunrise),Swati (past next sunrise),Shubha till 21:11; Shukla (past next sunrise),Garaja till 10:37; Vanija till 22:24; Vishti (past next sunrise),Shukla Paksha,Shravana,Aati,23,,Plavanga,1949,17:20-18:55,12:36-14:10,15:45-17:20,12:10-13:01
2027-08-09,Monday,06:17,18:54,12:36,00:14 (+1),S-Ashtami till 22:34; S-Navami (past next sunrise),Swati till 06:22; Vishakha (past next sunrise),Shukla till 20:16; Brahma (past next sunrise),Vishti till 10:24; Bava till 22:34; Balava (past next sunrise),Shukla Paksha,Shravana,Aati,24,,Plavanga,1949,07:52-09:26,11:01-12:36,14:10-15:45,12:10-13:01
2027-08-10,Tuesday,06:17,18:54,13:31,01:03 (+1),S-Navami till 23:28; S-Dashami (past next sunrise),Vishakha till 07:27; Anuradha (past next sunrise),Brahma till 19:56; Indra (past next sunrise),Balava till 10:56; Kaulava till 23:28; Taitila (past next sunrise),Shukla Paksha,Shravana,Aati,25,,Plavanga,1949,15:45-17:19,09:26-11:01,12:35-14:10,12:10-13:01
2027-08-11,Wednesday,06:17,18:53,14:25,01:55 (+1),S-Dashami till 00:59 (+1); S-Ekadashi (past next sunrise),Anuradha till 09:14; Jyeshtha (past next sunrise),Indra till 20:05; Vaidhriti (past next sunrise),Taitila till 12:09; Garaja till 00:59 (+1); Vanija (past next sunrise),Shukla Paksha,Shravana,Aati,26,,Plavanga,1949,12:35-14:10,07:52-09:26,11:01-12:35,12:10-13:00
2027-08-12,Thursday,06:18,18:53,15:18,02:47 (+1),S-Ekadashi till 03:00 (+1); S-Dwadashi (past next sunrise),Jyeshtha till 11:34; Mula (past next sunrise),Vaidhriti till 20:39; Vishkambha (past next sunrise),Vanija till 13:56; Vishti till 03:00 (+1); Bava (past next sunrise),Shukla Paksha,Shravana,Aati,27,,Plavanga,1949,14:10-15:44,06:18-07:52,09:26-11:01,12:10-13:00
2027-08-13,Friday,06:18,18:52,16:07,03:39 (+1),S-Dwadashi till 05:21 (+1); S-Trayodashi (past next sunrise),Mula till 14:19; Purva Ashadha (past next sunrise),Vishkambha till 21:30; Priti (past next sunrise),Bava till 16:08; Balava till 05:21 (+1); Kaulava (past next sunrise),Shukla Paksha,Shravana,Aati,28,,Plavanga,1949,11:01-12:35,15:44-17:18,07:52-09:26,12:10-13:00
2027-08-14,Saturday,06:18,18:52,16:54,04:30 (+1),S-Trayodashi (past next sunrise),Purva Ashadha till 17:20; Uttara Ashadha (past next sunrise),Priti till 22:31; Ayushman (past next sunrise),Kaulava till 18:37; Taitila (past next sunrise),Shukla Paksha,Shravana,Aati,29,,Plavanga,1949,09:26-11:01,14:09-15:43,06:18-07:52,12:10-13:00
2027-08-15,Sunday,06:18,18:51,17:37,05:20 (+1),S-Trayodashi till 07:54; S-Chaturdashi (past next sunrise),Uttara Ashadha till 20:28; Shravana (past next sunrise),Ayushman till 23:36; Saubhagya (past next sunrise),Taitila till 07:54; Garaja till 21:11; Vanija (past next sunrise),Shukla Paksha,Shravana,Aati,30,,Plavanga,1949,17:17-18:51,12:35-14:09,15:43-17:17,12:09-13:00
2027-08-16,Monday,06:18,18:51,18:16,06:08 (+1),S-Chaturdashi till 10:29; S-Purnima (past next sunrise),Shravana till 23:34; Dhanishta (past next sunrise),Saubhagya till 00:40 (+1); Shobhana (past next sunrise),Vanija till 10:29; Vishti till 23:45; Bava (past next sunrise),Shukla Paksha,Shravana,Aati,31,,Plavanga,1949,07:52-09:26,11:00-12:34,14:08-15:43,12:09-12:59
2027-08-17,Tuesday,06:18,18:50,18:53,,S-Purnima till 12:58; K-Pratipada (past next sunrise),Dhanishta till 02:32 (+1); Shatabhisha (past next sunrise),Shobhana till 01:37 (+1); Atiganda (past next sunrise),Bava till 12:58; Balava till 02:09 (+1); Kaulava (past next sunrise),Shukla Paksha,Shravana,Sona,1,Simha 14:13,Plavanga,1949,15:42-17:16,09:26-11:00,12:34-14:08,12:09-12:59
2027-08-18,Wednesday,06:18,18:50,19:29,06:54,K-Pratipada till 15:16; K-Dwitiya (past next sunrise),Shatabhisha till 05:15 (+1); Purva Bhadrapada (past next sunrise),Atiganda till 02:22 (+1); Sukarma (past next sunrise),Kaulava till 15:16; Taitila till 04:18 (+1); Garaja (past next sunrise),Krishna Paksha,Shravana,Sona,2,,Plavanga,1949,12:34-14:08,07:52-09:26,11:00-12:34,12:09-12:59
2027-08-19,Thursday,06:18,18:49,20:04,07:40,K-Dwitiya till 17:16; K-Tritiya (past next sunrise),Purva Bhadrapada (past next sunrise),Sukarma till 02:52 (+1); Dhriti (past next sunrise),Garaja till 17:16; Vanija till 06:08 (+1); Vishti (past next sunrise),Krishna Paksha,Shravana,Sona,3,,Plavanga,1949,14:08-15:41,06:18-07:52,09:26-11:00,12:09-12:59
2027-08-20,Friday,06:18,18:49,20:39,08:26,K-Tritiya till 18:53; K-Chaturthi (past next sunrise),Purva Bhadrapada till 07:39; Uttara Bhadrapada (past next sunrise),Dhriti till 03:04 (+1); Shula (past next sunrise),Vishti till 18:53; Bava (past next sunrise),Krishna Paksha,Shravana,Sona,4,,Plavanga,1949,11:00-12:33,15:41-17:15,07:52-09:26,12:08-12:58
2027-08-21,Saturday,06:18,18:48,21:16,09:13,K-Chaturthi till 20:04; K-Panchami (past next sunrise),Uttara Bhadrapada till 09:39; Revati (past next sunrise),Shula till 02:54 (+1); Ganda (past next sunrise),Bava till 07:32; Balava till 20:04; Kaulava (past next sunrise),Krishna Paksha,Shravana,Sona,5,,Plavanga,1949,09:26-11:00,14:07-15:41,06:18-07:52,12:08-12:58
2027-08-22,Sunday,06:19,18:47,21:56,10:01,K-Panchami till 20:45; K-Shashthi (past next sunrise),Revati till 11:11; Ashwini (past next sunrise),Ganda till 02:19 (+1); Vriddhi (past next sunrise),Kaulava till 08:29; Taitila till 20:45; Garaja (past next sunrise),Krishna Paksha,Shravana,Sona,6,,Plavanga,1949,17:14-18:47,12:33-14:07,15:40-17:14,12:08-12:58
2027-08-23,Monday,06:19,18:47,22:40,10:53,K-Shashthi till 20:53; K-Saptami (past next sunrise),Ashwini till 12:11; Bharani (past next sunrise),Vriddhi till 01:18 (+1); Dhruva (past next sunrise),Garaja till 08:54; Vanija till 20:53; Vishti (past next sunrise),Krishna Paksha,Shravana,Sona,7,,Plavanga,1949,07:52-09:26,10:59-12:33,14:06-15:40,12:08-12:58
2027-08-24,Tuesday,06:19,18:46,23:29,11:49,K-Saptami till 20:25; K-Ashtami (past next sunrise),Bharani till 12:37; Krittika (past next sunrise),Dhruva till 23:48; Vyaghata (past next sunrise),Vishti till 08:43; Bava till 20:25; Balava (past next sunrise),Krishna Paksha,Shravana,Sona,8,,Plavanga,1949,15:39-17:13,09:26-10:59,12:32-14:06,12:08-12:57
2027-08-25,Wednesday,06:19,18:46,00:24 (+1),12:47,K-Ashtami till 19:20; K-Navami (past next sunrise),Krittika till 12:28; Rohini (past next sunrise),Vyaghata till 21:49; Harshana (past next sunrise),Balava till 07:57; Kaulava till 19:20; Taitila (past next sunrise),Krishna Paksha,Shravana,Sona,9,,Plavanga,1949,12:32-14:06,07:52-09:25,10:59-12:32,12:07-12:57
2027-08-26,Thursday,06:19,18:45,01:25 (+1),13:49,K-Navami till 17:39; K-Dashami (past next sunrise),Rohini till 11:42; Mrigashira (past next sunrise),Harshana till 19:21; Vajra (past next sunrise),Taitila till 06:34; Garaja till 17:39; Vanija till 04:36 (+1); Vishti (past next sunrise),Krishna Paksha,Shravana,Sona,10,,Plavanga,1949,14:05-15:38,06:19-07:52,09:25-10:59,12:07-12:57
2027-08-27,Friday,06:19,18:44,02:29 (+1),14:50,K-Dashami till 15:25; K-Ekadashi (past next sunrise),Mrigashira till 10:22; Ardra (past next sunrise),Vajra till 16:26; Siddhi (past next sunrise),Vishti till 15:25; Bava till 02:07 (+1); Balava (past next sunrise),Krishna Paksha,Shravana,Sona,11,,Plavanga,1949,10:58-12:32,15:38-17:11,07:52-09:25,12:07-12:56
2027-08-28,Saturday,06:19,18:44,03:34 (+1),15:49,K-Ekadashi till 12:42; K-Dwadashi (past next sunrise),Ardra till 08:32; Punarvasu till 06:17 (+1); Pushya (past next sunrise),Siddhi till 13:07; Vyatipata (past next sunrise),Balava till 12:42; Kaulava till 23:11; Taitila (past next sunrise),Krishna Paksha,Shravana,Sona,12,,Plavanga,1949,09:25-10:58,14:04-15:38,06:19-07:52,12:07-12:56
2027-08-29,Sunday,06:19,18:43,04:38 (+1),16:45,K-Dwadashi till 09:36; K-Trayodashi till 06:12 (+1); K-Chaturdashi (past next sunrise),Pushya till 03:45 (+1); Ashlesha (past next sunrise),Vyatipata till 09:28; Variyan till 05:35 (+1); Parigha (past next sunrise),Taitila till 09:36; Garaja till 19:56; Vanija till 06:12 (+1); Vishti (past next sunrise),Krishna Paksha,Shravana,Sona,13,,Plavanga,1949,17:10-18:43,12:31-14:04,15:37-17:10,12:06-12:56
2027-08-30,Monday,06:19,18:43,05:40 (+1),17:36,K-Chaturdashi till 02:41 (+1); K-Amavasya (past next sunrise),Ashlesha till 01:02 (+1); Magha (past next sunrise),Parigha till 01:36 (+1); Shiva (past next sunrise),Vishti till 16:27; Shakuni till 02:41 (+1); Chatushpada (past next sunrise),Krishna Paksha,Shravana,Sona,14,,Plavanga,1949,07:52-09:25,10:58-12:31,14:04-15:37,12:06-12:56
2027-08-31,Tuesday,06:19,18:42,,18:23,K-Amavasya till 23:11; S-Pratipada (past next sunrise),Magha till 22:20; Purva Phalguni (past next sunrise),Shiva till 21:36; Siddha (past next sunrise),Chatushpada till 12:55; Naga till 23:11; Kimstughna (past next sunrise),Krishna Paksha,Shravana,Sona,15,,Plavanga,1949,15:36-17:09,09:25-10:58,12:30-14:03,12:06-12:55
2027-09-01,Wednesday,06:19,18:41,06:39,19:08,S-Pratipada till 19:50; S-Dwitiya (past next sunrise),Purva Phalguni till 19:48; Uttara Phalguni (past next sunrise),Siddha till 17:45; Sadhya (past next sunrise),Kimstughna till 09:29; Bava till 19:50; Balava till 06:17 (+1); Kaulava (past next sunrise),Shukla Paksha,Bhadrapada,Sona,16,,Plavanga,1949,12:30-14:03,07:52-09:25,10:57-12:30,12:05-12:55
2027-09-02,Thursday,06:19,18:41,07:36,19:52,S-Dwitiya till 16:50; S-Tritiya (past next sunrise),Uttara Phalguni till 17:36; Hasta (past next sunrise),Sadhya till 14:09; Shubha (past next sunrise),Kaulava till 16:50; Taitila till 03:30 (+1); Garaja (past next sunrise),Shukla Paksha,Bhadrapada,Sona,17,,Plavanga,1949,14:02-15:35,06:19-07:52,09:24-10:57,12:05-12:55
2027-09-03,Friday,06:19,18:40,08:33,20:35,S-Tritiya till 14:19; S-Chaturthi (past next sunrise),Hasta till 15:53; Chitra (past next sunrise),Shubha till 10:56; Shukla (past next sunrise),Garaja till 14:19; Vanija till 01:17 (+1); Vishti (past next sunrise),Shukla Paksha,Bhadrapada,Sona,18,,Plavanga,1949,10:57-12:29,15:35-17:07,07:52-09:24,12:05-12:54
2027-09-04,Saturday,06:19,18:39,09:29,21:20,S-Chaturthi till 12:26; S-Panchami (past next sunrise),Chitra till 14:49; Swati (past next sunrise),Shukla till 08:14; Brahma till 06:06 (+1); Indra (past next sunrise),Vishti till 12:26; Bava till 23:46; Balava (past next sunrise),Shukla Paksha,Bhadrapada,Sona,19,,Plavanga,1949,09:24-10:57,14:02-15:34,06:19-07:52,12:04-12:54
2027-09-05,Sunday,06:19,18:39,10:25,22:07,S-Panchami till 11:18; S-Shashthi (past next sunrise),Swati till 14:30; Vishakha (past next sunrise),Indra till 04:38 (+1); Vaidhriti (past next sunrise),Balava till 11:18; Kaulava till 23:02; Taitila (past next sunrise),Shukla Paksha,Bhadrapada,Sona,20,,Plavanga,1949,17:06-18:39,12:29-14:01,15:34-17:06,12:04-12:53
2027-09-06,Monday,06:19,18:38,11:22,22:57,S-Shashthi till 10:58; S-Saptami (past next sunrise),Vishakha till 14:59; Anuradha (past next sunrise),Vaidhriti till 03:48 (+1); Vishkambha (past next sunrise),Taitila till 10:58; Garaja till 23:07; Vanija (past next sunrise),Shukla Paksha,Bhadrapada,Sona,21,,Plavanga,1949,07:51-09:24,10:56-12:28,14:01-15:33,12:04-12:53
2027-09-07,Tuesday,06:19,18:37,12:17,23:48,S-Saptami till 11:28; S-Ashtami (past next sunrise),Anuradha till 16:16; Jyeshtha (past next sunrise),Vishkambha till 03:36 (+1); Priti (past next sunrise),Vanija till 11:28; Vishti till 00:01 (+1); Bava (past next sunrise),Shukla Paksha,Bhadrapada,Sona,22,,Plavanga,1949,15:33-17:05,09:24-10:56,12:28-14:00,12:04-12:53
2027-09-08,Wednesday,06:19,18:36,13:12,00:41 (+1),S-Ashtami till 12:44; S-Navami (past next sunrise),Jyeshtha till 18:17; Mula (past next sunrise),Priti till 03:55 (+1); Ayushman (past next sunrise),Bava till 12:44; Balava till 01:37 (+1); Kaulava (past next sunrise),Shukla Paksha,Bhadrapada,Sona,23,,Plavanga,1949,12:28-14:00,07:51-09:23,10:56-12:28,12:03-12:52
2027-09-09,Thursday,06:19,18:36,14:03,01:34 (+1),S-Navami till 14:39; S-Dashami (past next sunrise),Mula till 20:52; Purva Ashadha (past next sunrise),Ayushman till 04:39 (+1); Saubhagya (past next sunrise),Kaulava till 14:39; Taitila till 03:47 (+1); Garaja (past next sunrise),Shukla Paksha,Bhadrapada,Sona,24,,Plavanga,1949,14:00-15:32,06:19-07:51,09:23-10:55,12:03-12:52
2027-09-10,Friday,06:19,18:35,14:50,02:25 (+1),S-Dashami till 17:00; S-Ekadashi (past next sunrise),Purva Ashadha till 23:50; Uttara Ashadha (past next sunrise),Saubhagya till 05:38 (+1); Shobhana (past next sunrise),Garaja till 17:00; Vanija till 06:17 (+1); Vishti (past next sunrise),Shukla Paksha,Bhadrapada,Sona,25,,Plavanga,1949,10:55-12:27,15:31-17:03,07:51-09:23,12:03-12:52
2027-09-11,Saturday,06:19,18:34,15:34,03:16 (+1),S-Ekadashi till 19:36; S-Dwadashi (past next sunrise),Uttara Ashadha till 02:58 (+1); Shravana (past next sunrise),Shobhana (past next sunrise),Vishti till 19:36; Bava (past next sunrise),Shukla Paksha,Bhadrapada,Sona,26,,Plavanga,1949,09:23-10:55,13:59-15:31,06:19-07:51,12:02-12:51
2027-09-12,Sunday,06:19,18:34,16:15,04:04 (+1),S-Dwadashi till 22:13; S-Trayodashi (past next sunrise),Shravana till 06:05 (+1); Dhanishta (past next sunrise),Shobhana till 06:43; Atiganda (past next sunrise),Bava till 08:55; Balava till 22:13; Kaulava (past next sunrise),Shukla Paksha,Bhadrapada,Sona,27,,Plavanga,1949,17:02-18:34,12:26-13:58,15:30-17:02,12:02-12:51
2027-09-13,Monday,06:19,18:33,16:53,04:51 (+1),S-Trayodashi till 00:40 (+1); S-Chaturdashi (past next sunrise),Dhanishta (past next sunrise),Atiganda till 07:45; Sukarma (past next sunrise),Kaulava till 11:28; Taitila till 00:40 (+1); Garaja (past next sunrise),Shukla Paksha,Bhadrapada,Sona,28,,Plavanga,1949,07:51-09:23,10:54-12:26,13:58-15:30,12:02-12:51
2027-09-14,Tuesday,06:19,18:32,17:29,05:37 (+1),S-Chaturdashi till 02:48 (+1); S-Purnima (past next sunrise),Dhanishta till 08:59; Shatabhisha (past next sunrise),Sukarma till 08:36; Dhriti (past next sunrise),Garaja till 13:47; Vanija till 02:48 (+1); Vishti (past next sunrise),Shukla Paksha,Bhadrapada,Sona,29,,Plavanga,1949,15:29-17:01,09:22-10:54,12:26-13:57,12:01-12:50
2027-09-15,Wednesday,06:19,18:32,18:05,,S-Purnima till 04:33 (+1); K-Pratipada (past next sunrise),Shatabhisha till 11:33; Purva Bhadrapada (past next sunrise),Dhriti till 09:12; Shula (past next sunrise),Vishti till 15:44; Bava till 04:33 (+1); Balava (past next sunrise),Shukla Paksha,Bhadrapada,Sona,30,,Plavanga,1949,12:25-13:57,07:51-09:22,10:54-12:25,12:01-12:50
2027-09-16,Thursday,06:19,18:31,18:40,06:23,K-Pratipada till 05:52 (+1); K-Dwitiya (past next sunrise),Purva Bhadrapada till 13:44; Uttara Bhadrapada (past next sunrise),Shula till 09:30; Ganda (past next sunrise),Balava till 17:16; Kaulava till 05:52 (+1); Taitila (past next sunrise),Krishna Paksha,Bhadrapada,Sona,31,,Plavanga,1949,13:56-15:28,06:19-07:51,09:22-10:54,12:01-12:49
2027-09-17,Friday,06:19,18:30,19:17,07:10,K-Dwitiya (past next sunrise),Uttara Bhadrapada till 15:29; Revati (past next sunrise),Ganda till 09:27; Vriddhi (past next sunrise),Taitila till 18:21; Garaja (past next sunrise),Krishna Paksha,Bhadrapada,Nirnal,1,Kanya 14:10,Plavanga,1949,10:53-12:25,15:27-16:59,07:51-09:22,12:00-12:49
2027-09-18,Saturday,06:19,18:29,19:56,07:59,K-Dwitiya till 06:44; K-Tritiya (past next sunrise),Revati till 16:47; Ashwini (past next sunrise),Vriddhi till 09:03; Dhruva (past next sunrise),Garaja till 06:44; Vanija till 19:00; Vishti (past next sunrise),Krishna Paksha,Bhadrapada,Nirnal,2,,Plavanga,1949,09:22-10:53,13:56-15:27,06:19-07:50,12:00-12:49
2027-09-19,Sunday,06:19,18:29,20:39,08:50,K-Tritiya till 07:09; K-Chaturthi (past next sunrise),Ashwini till 17:41; Bharani (past next sunrise),Dhruva till 08:19; Vyaghata (past next sunrise),Vishti till 07:09; Bava till 19:12; Balava (past next sunrise),Krishna Paksha,Bhadrapada,Nirnal,3,,Plavanga,1949,16:57-18:29,12:24-13:55,15:26-16:57,12:00-12:48
2027-09-20,Monday,06:19,18:28,21:26,09:44,K-Chaturthi till 07:09; K-Panchami (past next sunrise),Bharani till 18:09; Krittika (past next sunrise),Vyaghata till 07:14; Harshana till 05:49 (+1); Vajra (past next sunrise),Balava till 07:09; Kaulava till 18:59; Taitila (past next sunrise),Krishna Paksha,Bhadrapada,Nirnal,4,,Plavanga,1949,07:50-09:21,10:52-12:24,13:55-15:26,11:59-12:48
2027-09-21,Tuesday,06:19,18:27,22:19,10:41,K-Panchami till 06:43; K-Shashthi till 05:52 (+1); K-Saptami (past next sunrise),Krittika till 18:13; Rohini (past next sunrise),Vajra till 04:04 (+1); Siddhi (past next sunrise),Taitila till 06:43; Garaja till 18:21; Vanija till 05:52 (+1); Vishti (past next sunrise),Krishna Paksha,Bhadrapada,Nirnal,5,,Plavanga,1949,15:25-16:56,09:21-10:52,12:23-13:54,11:59-12:47
2027-09-22,Wednesday,06:19,18:27,23:17,11:41,K-Saptami till 04:37 (+1); K-Ashtami (past next sunrise),Rohini till 17:52; Mrigashira (past next sunrise),Siddhi till 01:59 (+1); Vyatipata (past next sunrise),Vishti till 17:17; Bava till 04:37 (+1); Balava (past next sunrise),Krishna Paksha,Bhadrapada,Nirnal,6,,Plavanga,1949,12:23-13:54,07:50-09:21,10:52-12:23,11:59-12:47
2027-09-23,Thursday,06:19,18:26,00:18 (+1),12:41,K-Ashtami till 02:57 (+1); K-Navami (past next sunrise),Mrigashira till 17:07; Ardra (past next sunrise),Vyatipata till 23:35; Variyan (past next sunrise),Balava till 15:50; Kaulava till 02:57 (+1); Taitila (past next sunrise),Krishna Paksha,Bhadrapada,Nirnal,7,,Plavanga,1949,13:53-15:24,06:19-07:50,09:21-10:52,11:58-12:47
2027-09-24,Friday,06:19,18:25,01:21 (+1),13:39,K-Navami till 00:55 (+1); K-Dashami (past next sunrise),Ardra till 15:58; Punarvasu (past next sunrise),Variyan till 20:52; Parigha (past next sunrise),Taitila till 13:59; Garaja till 00:55 (+1); Vanija (past next sunrise),Krishna Paksha,Bhadrapada,Nirnal,8,,Plavanga,1949,10:51-12:22,15:24-16:54,07:50-09:21,11:58-12:46
2027-09-25,Saturday,06:19,18:24,02:23 (+1),14:34,K-Dashami till 22:31; K-Ekadashi (past next sunrise),Punarvasu till 14:27; Pushya (past next sunrise),Parigha till 17:51; Shiva (past next sunrise),Vanija till 11:45; Vishti till 22:31; Bava (past next sunrise),Krishna Paksha,Bhadrapada,Nirnal,9,,Plavanga,1949,09:20-10:51,13:52-15:23,06:19-07:50,11:58-12:46
2027-09-26,Sunday,06:19,18:24,03:24 (+1),15:25,K-Ekadashi till 19:49; K-Dwadashi (past next sunrise),Pushya till 12:38; Ashlesha (past next sunrise),Shiva till 14:35; Siddha (past next sunrise),Bava till 09:12; Balava till 19:49; Kaulava (past next sunrise),Krishna Paksha,Bhadrapada,Nirnal,10,,Plavanga,1949,16:53-18:24,12:21-13:52,15:23-16:53,11:57-12:46
2027-09-27,Monday,06:19,18:23,04:22 (+1),16:13,K-Dwadashi till 16:55; K-Trayodashi (past next sunrise),Ashlesha till 10:33; Magha (past next sunrise),Siddha till 11:07; Sadhya (past next sunrise),Kaulava till 06:24; Taitila till 16:55; Garaja till 03:25 (+1); Vanija (past next sunrise),Krishna Paksha,Bhadrapada,Nirnal,11,,Plavanga,1949,07:50-09:20,10:51-12:21,13:52-15:22,11:57-12:45
2027-09-28,Tuesday,06:19,18:22,05:20 (+1),16:58,K-Trayodashi till 13:55; K-Chaturdashi (past next sunrise),Magha till 08:20; Purva Phalguni till 06:06 (+1); Uttara Phalguni (past next sunrise),Sadhya till 07:32; Shubha till 03:56 (+1); Shukla (past next sunrise),Vanija till 13:55; Vishti till 00:24 (+1); Shakuni (past next sunrise),Krishna Paksha,Bhadrapada,Nirnal,12,,Plavanga,1949,15:22-16:52,09:20-10:50,12:21-13:51,11:57-12:45
2027-09-29,Wednesday,06:19,18:22,06:16 (+1),17:41,K-Chaturdashi till 10:55; K-Amavasya (past next sunrise),Uttara Phalguni till 04:00 (+1); Hasta (past next sunrise),Shukla till 00:26 (+1); Brahma (past next sunrise),Shakuni till 10:55; Chatushpada till 21:29; Naga (past next sunrise),Krishna Paksha,Bhadrapada,Nirnal,13,,Plavanga,1949,12:20-13:51,07:50-09:20,10:50-12:20,11:56-12:45
2027-09-30,Thursday,06:19,18:21,,18:25,K-Amavasya till 08:06; S-Pratipada till 05:35 (+1); S-Dwitiya (past next sunrise),Hasta till 02:11 (+1); Chitra (past next sunrise),Brahma till 21:09; Indra (past next sunrise),Naga till 08:06; Kimstughna till 18:47; Bava till 05:35 (+1); Balava (past next sunrise),Krishna Paksha,Bhadrapada,Nirnal,14,,Plavanga,1949,13:50-15:21,06:19-07:49,09:20-10:50,11:56-12:44
2027-10-01,Friday,06:19,18:20,07:13,19:10,S-Dwitiya till 03:33 (+1); S-Tritiya (past next sunrise),Chitra till 00:49 (+1); Swati (past next sunrise),Indra till 18:11; Vaidhriti (past next sunrise),Balava till 16:30; Kaulava till 03:33 (+1); Taitila (past next sunrise),Shukla Paksha,Ashvayuja,Nirnal,15,,Plavanga,1949,10:50-12:20,15:20-16:50,07:49-09:20,11:56-12:44
2027-10-02,Saturday,06:19,18:20,08:10,19:57,S-Tritiya till 02:09 (+1); S-Chaturthi (past next sunrise),Swati till 00:03 (+1); Vishakha (past next sunrise),Vaidhriti till 15:41; Vishkambha (past next sunrise),Taitila till 14:46; Garaja till 02:09 (+1); Vanija (past next sunrise),Shukla Paksha,Ashvayuja,Nirnal,16,,Plavanga,1949,09:19-10:49,13:49-15:20,06:19-07:49,11:55-12:43
2027-10-03,Sunday,06:19,18:19,09:08,20:47,S-Chaturthi till 01:28 (+1); S-Panchami (past next sunrise),Vishakha till 00:00 (+1); Anuradha (past next sunrise),Vishkambha till 13:45; Priti (past next sunrise),Vanija till 13:43; Vishti till 01:28 (+1); Bava (past next sunrise),Shukla Paksha,Ashvayuja,Nirnal,17,,Plavanga,1949,16:49-18:19,12:19-13:49,15:19-16:49,11:55-12:43
2027-10-04,Monday,06:19,18:18,10:05,21:38,S-Panchami till 01:36 (+1); S-Shashthi (past next sunrise),Anuradha till 00:44 (+1); Jyeshtha (past next sunrise),Priti till 12:25; Ayushman (past next sunrise),Bava till 13:26; Balava till 01:36 (+1); Kaulava (past next sunrise),Shukla Paksha,Ashvayuja,Nirnal,18,,Plavanga,1949,07:49-09:19,10:49-12:19,13:49-15:19,11:55-12:43
2027-10-05,Tuesday,06:19,18:18,11:01,22:32,S-Shashthi till 02:33 (+1); S-Saptami (past next sunrise),Jyeshtha till 02:15 (+1); Mula (past next sunrise),Ayushman till 11:43; Saubhagya (past next sunrise),Kaulava till 13:59; Taitila till 02:33 (+1); Garaja (past next sunrise),Shukla Paksha,Ashvayuja,Nirnal,19,,Plavanga,1949,15:18-16:48,09:19-10:49,12:19-13:48,11:55-12:42
2027-10-06,Wednesday,06:20,18:17,11:55,23:25,S-Saptami till 04:13 (+1); S-Ashtami (past next sunrise),Mula till 04:28 (+1); Purva Ashadha (past next sunrise),Saubhagya till 11:38; Shobhana (past next sunrise),Garaja till 15:18; Vanija till 04:13 (+1); Vishti (past next sunrise),Shukla Paksha,Ashvayuja,Nirnal,20,,Plavanga,1949,12:18-13:48,07:49-09:19,10:49-12:18,11:54-12:42
2027-10-07,Thursday,06:20,18:16,12:44,00:18 (+1),S-Ashtami (past next sunrise),Purva Ashadha (past next sunrise),Shobhana till 12:03; Atiganda (past next sunrise),Vishti till 17:17; Bava (past next sunrise),Shukla Paksha,Ashvayuja,Nirnal,21,,Plavanga,1949,13:48-15:17,06:20-07:49,09:19-10:48,11:54-12:42
2027-10-08,Friday,06:20,18:16,13:30,01:09 (+1),S-Ashtami till 06:27; S-Navami (past next sunrise),Purva Ashadha till 07:14; Uttara Ashadha (past next sunrise),Atiganda till 12:52; Sukarma (past next sunrise),Bava till 06:27; Balava till 19:43; Kaulava (past next sunrise),Shukla Paksha,Ashvayuja,Nirnal,22,,Plavanga,1949,10:48-12:18,15:17-16:46,07:49-09:19,11:54-12:42
2027-10-09,Saturday,06:20,18:15,14:12,01:58 (+1),S-Navami till 09:02; S-Dashami (past next sunrise),Uttara Ashadha till 10:18; Shravana (past next sunrise),Sukarma till 13:52; Dhriti (past next sunrise),Kaulava till 09:02; Taitila till 22:22; Garaja (past next sunrise),Shukla Paksha,Ashvayuja,Nirnal,23,,Plavanga,1949,09:19-10:48,13:47-15:16,06:20-07:49,11:54-12:41
2027-10-10,Sunday,06:20,18:14,14:51,02:45 (+1),S-Dashami till 11:41; S-Ekadashi (past next sunrise),Shravana till 13:25; Dhanishta (past next sunrise),Dhriti till 14:54; Shula (past next sunrise),Garaja till 11:41; Vanija till 00:57 (+1); Vishti (past next sunrise),Shukla Paksha,Ashvayuja,Nirnal,24,,Plavanga,1949,16:45-18:14,12:17-13:46,15:16-16:45,11:53-12:41
2027-10-11,Monday,06:20,18:14,15:28,03:32 (+1),S-Ekadashi till 14:09; S-Dwadashi (past next sunrise),Dhanishta till 16:21; Shatabhisha (past next sunrise),Shula till 15:46; Ganda (past next sunrise),Vishti till 14:09; Bava till 03:15 (+1); Balava (past next sunrise),Shukla Paksha,Ashvayuja,Nirnal,25,,Plavanga,1949,07:49-09:18,10:48-12:17,13:46-15:15,11:53-12:41
2027-10-12,Tuesday,06:20,18:13,16:03,04:18 (+1),S-Dwadashi till 16:14; S-Trayodashi (past next sunrise),Shatabhisha till 18:55; Purva Bhadrapada (past next sunrise),Ganda till 16:20; Vriddhi (past next sunrise),Balava till 16:14; Kaulava till 05:05 (+1); Taitila (past next sunrise),Shukla Paksha,Ashvayuja,Nirnal,26,,Plavanga,1949,15:15-16:44,09:18-10:47,12:17-13:46,11:53-12:40
2027-10-13,Wednesday,06:20,18:13,16:39,05:05 (+1),S-Trayodashi till 17:49; S-Chaturdashi (past next sunrise),Purva Bhadrapada till 20:59; Uttara Bhadrapada (past next sunrise),Vriddhi till 16:31; Dhruva (past next sunrise),Taitila till 17:49; Garaja (past next sunrise),Shukla Paksha,Ashvayuja,Nirnal,27,,Plavanga,1949,12:16-13:45,07:49-09:18,10:47-12:16,11:53-12:40
2027-10-14,Thursday,06:20,18:12,17:16,05:53 (+1),S-Chaturdashi till 18:49; S-Purnima (past next sunrise),Uttara Bhadrapada till 22:30; Revati (past next sunrise),Dhruva till 16:16; Vyaghata (past next sunrise),Garaja till 06:23; Vanija till 18:49; Vishti (past next sunrise),Shukla Paksha,Ashvayuja,Nirnal,28,,Plavanga,1949,13:45-15:14,06:20-07:49,09:18-10:47,11:52-12:40
2027-10-15,Friday,06:20,18:11,17:55,,S-Purnima till 19:17; K-Pratipada (past next sunrise),Revati till 23:29; Ashwini (past next sunrise),Vyaghata till 15:35; Harshana (past next sunrise),Vishti till 07:07; Bava till 19:17; Balava (past next sunrise),Shukla Paksha,Ashvayuja,Nirnal,29,,Plavanga,1949,10:47-12:16,15:14-16:43,07:49-09:18,11:52-12:40
2027-10-16,Saturday,06:20,18:11,18:37,06:44,K-Pratipada till 19:13; K-Dwitiya (past next sunrise),Ashwini till 23:59; Bharani (past next sunrise),Harshana till 14:29; Vajra (past next sunrise),Balava till 07:18; Kaulava till 19:13; Taitila (past next sunrise),Krishna Paksha,Ashvayuja,Nirnal,30,,Plavanga,1949,09:18-10:47,13:44-15:13,06:20-07:49,11:52-12:39
2027-10-17,Sunday,06:21,18:10,19:23,07:38,K-Dwitiya till 18:43; K-Tritiya (past next sunrise),Bharani till 00:03 (+1); Krittika (past next sunrise),Vajra till 13:03; Siddhi (past next sunrise),Taitila till 07:01; Garaja till 18:43; Vanija till 06:20 (+1); Vishti (past next sunrise),Krishna Paksha,Ashvayuja,Nirnal,31,Tula 02:08 (+1),Plavanga,1949,16:42-18:10,12:15-13:44,15:13-16:42,11:52-12:39
2027-10-18,Monday,06:21,18:10,20:15,08:36,K-Tritiya till 17:52; K-Chaturthi (past next sunrise),Krittika till 23:48; Rohini (past next sunrise),Siddhi till 11:17; Vyatipata (past next sunrise),Vishti till 17:52; Bava till 05:19 (+1); Balava (past next sunrise),Krishna Paksha,Ashvayuja,Bontel,1,,Plavanga,1949,07:49-09:18,10:47-12:15,13:44-15:13,11:52-12:39
2027-10-19,Tuesday,06:21,18:09,21:12,09:35,K-Chaturthi till 16:42; K-Panchami (past next sunrise),Rohini till 23:15; Mrigashira (past next sunrise),Vyatipata till 09:17; Variyan (past next sunrise),Balava till 16:42; Kaulava till 04:02 (+1); Taitila (past next sunrise),Krishna Paksha,Ashvayuja,Bontel,2,,Plavanga,1949,15:12-16:41,09:18-10:46,12:15-13:44,11:51-12:39
2027-10-20,Wednesday,06:21,18:09,22:12,10:36,K-Panchami till 15:18; K-Shashthi (past next sunrise),Mrigashira till 22:30; Ardra (past next sunrise),Variyan till 07:05; Parigha till 04:42 (+1); Shiva (past next sunrise),Taitila till 15:18; Garaja till 02:32 (+1); Vanija (past next sunrise),Krishna Paksha,Ashvayuja,Bontel,3,,Plavanga,1949,12:15-13:43,07:49-09:18,10:46-12:15,11:51-12:38
2027-10-21,Thursday,06:21,18:08,23:14,11:34,K-Shashthi till 13:43; K-Saptami (past next sunrise),Ardra till 21:32; Punarvasu (past next sunrise),Shiva till 02:10 (+1); Siddha (past next sunrise),Vanija till 13:43; Vishti till 00:50 (+1); Bava (past next sunrise),Krishna Paksha,Ashvayuja,Bontel,4,,Plavanga,1949,13:43-15:11,06:21-07:50,09:18-10:46,11:51-12:38
2027-10-22,Friday,06:21,18:08,00:15 (+1),12:30,K-Saptami till 11:56; K-Ashtami (past next sunrise),Punarvasu till 20:25; Pushya (past next sunrise),Siddha till 23:30; Sadhya (past next sunrise),Bava till 11:56; Balava till 22:59; Kaulava (past next sunrise),Krishna Paksha,Ashvayuja,Bontel,5,,Plavanga,1949,10:46-12:15,15:11-16:39,07:50-09:18,11:51-12:38
2027-10-23,Saturday,06:21,18:07,01:15 (+1),13:21,K-Ashtami till 09:59; K-Navami (past next sunrise),Pushya till 19:07; Ashlesha (past next sunrise),Sadhya till 20:42; Shubha (past next sunrise),Kaulava till 09:59; Taitila till 20:57; Garaja (past next sunrise),Krishna Paksha,Ashvayuja,Bontel,6,,Plavanga,1949,09:18-10:46,13:43-15:11,06:21-07:50,11:51-12:38
2027-10-24,Sunday,06:22,18:07,02:12 (+1),14:08,K-Navami till 07:53; K-Dashami till 05:40 (+1); K-Ekadashi (past next sunrise),Ashlesha till 17:41; Magha (past next sunrise),Shubha till 17:47; Shukla (past next sunrise),Garaja till 07:53; Vanija till 18:48; Vishti till 05:40 (+1); Bava (past next sunrise),Krishna Paksha,Ashvayuja,Bontel,7,,Plavanga,1949,16:39-18:07,12:14-13:42,15:11-16:39,11:51-12:38
2027-10-25,Monday,06:22,18:06,03:08 (+1),14:52,K-Ekadashi till 03:22 (+1); K-Dwadashi (past next sunrise),Magha till 16:09; Purva Phalguni (past next sunrise),Shukla till 14:47; Brahma (past next sunrise),Bava till 16:32; Balava till 03:22 (+1); Kaulava (past next sunrise),Krishna Paksha,Ashvayuja,Bontel,8,,Plavanga,1949,07:50-09:18,10:46-12:14,13:42-15:10,11:51-12:38
2027-10-26,Tuesday,06:22,18:06,04:03 (+1),15:35,K-Dwadashi till 01:04 (+1); K-Trayodashi (past next sunrise),Purva Phalguni till 14:34; Uttara Phalguni (past next sunrise),Brahma till 11:44; Indra (past next sunrise),Kaulava till 14:13; Taitila till 01:04 (+1); Garaja (past next sunrise),Krishna Paksha,Ashvayuja,Bontel,9,,Plavanga,1949,15:10-16:38,09:18-10:46,12:14-13:42,11:51-12:37
2027-10-27,Wednesday,06:22,18:06,04:58 (+1),16:17,K-Trayodashi till 22:50; K-Chaturdashi (past next sunrise),Uttara Phalguni till 13:01; Hasta (past next sunrise),Indra till 08:42; Vaidhriti till 05:46 (+1); Vishkambha (past next sunrise),Garaja till 11:56; Vanija till 22:50; Vishti (past next sunrise),Krishna Paksha,Ashvayuja,Bontel,10,,Plavanga,1949,12:14-13:42,07:50-09:18,10:46-12:14,11:50-12:37
2027-10-28,Thursday,06:23,18:05,05:55 (+1),17:01,K-Chaturdashi till 20:48; K-Amavasya (past next sunrise),Hasta till 11:36; Chitra (past next sunrise),Vishkambha till 03:01 (+1); Priti (past next sunrise),Vishti till 09:47; Shakuni till 20:48; Chatushpada (past next sunrise),Krishna Paksha,Ashvayuja,Bontel,11,,Plavanga,1949,13:42-15:09,06:23-07:50,09:18-10:46,11:50-12:37
2027-10-29,Friday,06:23,18:05,,17:46,K-Amavasya till 19:06; S-Pratipada (past next sunrise),Chitra till 10:27; Swati (past next sunrise),Priti till 00:34 (+1); Ayushman (past next sunrise),Chatushpada till 07:54; Naga till 19:06; Kimstughna (past next sunrise),Krishna Paksha,Ashvayuja,Bontel,12,,Plavanga,1949,10:46-12:14,15:09-16:37,07:51-09:18,11:50-12:37
2027-10-30,Saturday,06:23,18:04,06:52,18:35,S-Pratipada till 17:52; S-Dwitiya (past next sunrise),Swati till 09:43; Vishakha (past next sunrise),Ayushman till 22:30; Saubhagya (past next sunrise),Kimstughna till 06:25; Bava till 17:52; Balava till 05:28 (+1); Kaulava (past next sunrise),Shukla Paksha,Kartika,Bontel,13,,Plavanga,1949,09:18-10:46,13:41-15:09,06:23-07:51,11:50-12:37
2027-10-31,Sunday,06:23,18:04,07:50,19:26,S-Dwitiya till 17:13; S-Tritiya (past next sunrise),Vishakha till 09:31; Anuradha (past next sunrise),Saubhagya till 20:56; Shobhana (past next sunrise),Kaulava till 17:13; Taitila till 05:09 (+1); Garaja (past next sunrise),Shukla Paksha,Kartika,Bontel,14,,Plavanga,1949,16:36-18:04,12:14-13:41,15:09-16:36,11:50-12:37
2027-11-01,Monday,06:24,18:04,08:48,20:20,S-Tritiya till 17:16; S-Chaturthi (past next sunrise),Anuradha till 09:57; Jyeshtha (past next sunrise),Shobhana till 19:54; Atiganda (past next sunrise),Garaja till 17:16; Vanija till 05:33 (+1); Vishti (past next sunrise),Shukla Paksha,Kartika,Bontel,15,,Plavanga,1949,07:51-09:19,10:46-12:14,13:41-15:09,11:50-12:37
2027-11-02,Tuesday,06:24,18:03,09:43,21:14,S-Chaturthi till 18:02; S-Panchami (past next sunrise),Jyeshtha till 11:06; Mula (past next sunrise),Atiganda till 19:26; Sukarma (past next sunrise),Vishti till 18:02; Bava (past next sunrise),Shukla Paksha,Kartika,Bontel,16,,Plavanga,1949,15:08-16:36,09:19-10:46,12:14-13:41,11:50-12:37
2027-11-03,Wednesday,06:24,18:03,10:35,22:08,S-Panchami till 19:32; S-Shashthi (past next sunrise),Mula till 12:57; Purva Ashadha (past next sunrise),Sukarma till 19:30; Dhriti (past next sunrise),Bava till 06:42; Balava till 19:32; Kaulava (past next sunrise),Shukla Paksha,Kartika,Bontel,17,,Plavanga,1949,12:14-13:41,07:51-09:19,10:46-12:14,11:50-12:37
2027-11-04,Thursday,06:24,18:03,11:23,23:01,S-Shashthi till 21:38; S-Saptami (past next sunrise),Purva Ashadha till 15:25; Uttara Ashadha (past next sunrise),Dhriti till 20:02; Shula (past next sunrise),Kaulava till 08:31; Taitila till 21:38; Garaja (past next sunrise),Shukla Paksha,Kartika,Bontel,18,,Plavanga,1949,13:41-15:08,06:24-07:52,09:19-10:46,11:50-12:37
2027-11-05,Friday,06:25,18:02,12:07,23:50,S-Saptami till 00:09 (+1); S-Ashtami (past next sunrise),Uttara Ashadha till 18:19; Shravana (past next sunrise),Shula till 20:53; Ganda (past next sunrise),Garaja till 10:51; Vanija till 00:09 (+1); Vishti (past next sunrise),Shukla Paksha,Kartika,Bontel,19,,Plavanga,1949,10:46-12:14,15:08-16:35,07:52-09:19,11:50-12:37
2027-11-06,Saturday,06:25,18:02,12:47,00:38 (+1),S-Ashtami till 02:50 (+1); S-Navami (past next sunrise),Shravana till 21:26; Dhanishta (past next sunrise),Ganda till 21:53; Vriddhi (past next sunrise),Vishti till 13:29; Bava till 02:50 (+1); Balava (past next sunrise),Shukla Paksha,Kartika,Bontel,20,,Plavanga,1949,09:19-10:46,13:41-15:08,06:25-07:52,11:50-12:37
2027-11-07,Sunday,06:25,18:02,13:24,01:25 (+1),S-Navami till 05:24 (+1); S-Dashami (past next sunrise),Dhanishta till 00:30 (+1); Shatabhisha (past next sunrise),Vriddhi till 22:50; Dhruva (past next sunrise),Balava till 16:09; Kaulava till 05:24 (+1); Taitila (past next sunrise),Shukla Paksha,Kartika,Bontel,21,,Plavanga,1949,16:35-18:02,12:14-13:41,15:08-16:35,11:50-12:37
2027-11-08,Monday,06:26,18:02,14:00,02:10 (+1),S-Dashami (past next sunrise),Shatabhisha till 03:14 (+1); Purva Bhadrapada (past next sunrise),Dhruva till 23:32; Vyaghata (past next sunrise),Taitila till 18:33; Garaja (past next sunrise),Shukla Paksha,Kartika,Bontel,22,,Plavanga,1949,07:53-09:20,10:47-12:14,13:41-15:08,11:51-12:37
2027-11-09,Tuesday,06:26,18:02,14:36,02:57 (+1),S-Dashami till 07:35; S-Ekadashi (past next sunrise),Purva Bhadrapada till 05:27 (+1); Uttara Bhadrapada (past next sunrise),Vyaghata till 23:51; Harshana (past next sunrise),Garaja till 07:35; Vanija till 20:28; Vishti (past next sunrise),Shukla Paksha,Kartika,Bontel,23,,Plavanga,1949,15:08-16:35,09:20-10:47,12:14-13:41,11:51-12:37
2027-11-10,Wednesday,06:26,18:01,15:12,03:44 (+1),S-Ekadashi till 09:11; S-Dwadashi (past next sunrise),Uttara Bhadrapada (past next sunrise),Harshana till 23:40; Vajra (past next sunrise),Vishti till 09:11; Bava till 21:45; Balava (past next sunrise),Shukla Paksha,Kartika,Bontel,24,,Plavanga,1949,12:14-13:41,07:53-09:20,10:47-12:14,11:51-12:37
2027-11-11,Thursday,06:27,18:01,15:49,04:34 (+1),S-Dwadashi till 10:07; S-Trayodashi (past next sunrise),Uttara Bhadrapada till 07:01; Revati (past next sunrise),Vajra till 22:57; Siddhi (past next sunrise),Balava till 10:07; Kaulava till 22:19; Taitila (past next sunrise),Shukla Paksha,Kartika,Bontel,25,,Plavanga,1949,13:41-15:08,06:27-07:54,09:20-10:47,11:51-12:37
2027-11-12,Friday,06:27,18:01,16:31,05:27 (+1),S-Trayodashi till 10:21; S-Chaturdashi (past next sunrise),Revati till 07:55; Ashwini (past next sunrise),Siddhi till 21:42; Vyatipata (past next sunrise),Taitila till 10:21; Garaja till 22:13; Vanija (past next sunrise),Shukla Paksha,Kartika,Bontel,26,,Plavanga,1949,10:47-12:14,15:08-16:34,07:54-09:21,11:51-12:37
2027-11-13,Saturday,06:28,18:01,17:16,06:25 (+1),S-Chaturdashi till 09:55; S-Purnima (past next sunrise),Ashwini till 08:10; Bharani (past next sunrise),Vyatipata till 19:58; Variyan (past next sunrise),Vanija till 09:55; Vishti till 21:29; Bava (past next sunrise),Shukla Paksha,Kartika,Bontel,27,,Plavanga,1949,09:21-10:48,13:41-15:08,06:28-07:54,11:51-12:37
2027-11-14,Sunday,06:28,18:01,18:07,,S-Purnima till 08:55; K-Pratipada (past next sunrise),Bharani till 07:52; Krittika (past next sunrise),Variyan till 17:49; Parigha (past next sunrise),Bava till 08:55; Balava till 20:15; Kaulava (past next sunrise),Shukla Paksha,Kartika,Bontel,28,,Plavanga,1949,16:34-18:01,12:14-13:41,15:08-16:34,11:51-12:37
2027-11-15,Monday,06:28,18:01,19:03,07:25,K-Pratipada till 07:28; K-Dwitiya till 05:41 (+1); K-Tritiya (past next sunrise),Krittika till 07:06; Rohini till 06:00 (+1); Mrigashira (past next sunrise),Parigha till 15:21; Shiva (past next sunrise),Kaulava till 07:28; Taitila till 18:37; Garaja till 05:41 (+1); Vanija (past next sunrise),Krishna Paksha,Kartika,Bontel,29,,Plavanga,1949,07:55-09:21,10:48-12:15,13:41-15:08,11:51-12:38
2027-11-16,Tuesday,06:29,18:01,20:04,08:27,K-Tritiya till 03:42 (+1); K-Chaturthi (past next sunrise),Mrigashira till 04:42 (+1); Ardra (past next sunrise),Shiva till 12:39; Siddha (past next sunrise),Vanija till 16:43; Vishti till 03:42 (+1); Bava (past next sunrise),Krishna Paksha,Kartika,Bontel,30,Vrishchika 01:58 (+1),Plavanga,1949,15:08-16:34,09:22-10:48,12:15-13:41,11:52-12:38
2027-11-17,Wednesday,06:29,18:00,21:07,09:28,K-Chaturthi till 01:35 (+1); K-Panchami (past next sunrise),Ardra till 03:18 (+1); Punarvasu (past next sunrise),Siddha till 09:48; Sadhya (past next sunrise),Bava till 14:39; Balava till 01:35 (+1); Kaulava (past next sunrise),Krishna Paksha,Kartika,Jaarde,1,,Plavanga,1949,12:15-13:41,07:56-09:22,10:48-12:15,11:52-12:38
2027-11-18,Thursday,06:30,18:00,22:10,10:25,K-Panchami till 23:27; K-Shashthi (past next sunrise),Punarvasu till 01:52 (+1); Pushya (past next sunrise),Sadhya till 06:53; Shubha till 03:57 (+1); Shukla (past next sunrise),Kaulava till 12:31; Taitila till 23:27; Garaja (past next sunrise),Krishna Paksha,Kartika,Jaarde,2,,Plavanga,1949,13:41-15:08,06:30-07:56,09:22-10:49,11:52-12:38
2027-11-19,Friday,06:30,18:00,23:10,11:18,K-Shashthi till 21:20; K-Saptami (past next sunrise),Pushya till 00:27 (+1); Ashlesha (past next sunrise),Shukla till 01:03 (+1); Brahma (past next sunrise),Garaja till 10:23; Vanija till 21:20; Vishti (past next sunrise),Krishna Paksha,Kartika,Jaarde,3,,Plavanga,1949,10:49-12:15,15:08-16:34,07:56-09:23,11:52-12:38
2027-11-20,Saturday,06:31,18:00,00:08 (+1),12:06,K-Saptami till 19:17; K-Ashtami (past next sunrise),Ashlesha till 23:07; Magha (past next sunrise),Brahma till 22:12; Indra (past next sunrise),Vishti till 08:18; Bava till 19:17; Balava till 06:18 (+1); Kaulava (past next sunrise),Krishna Paksha,Kartika,Jaarde,4,,Plavanga,1949,09:23-10:49,13:42-15:08,06:31-07:57,11:53-12:39
2027-11-21,Sunday,06:31,18:00,01:03 (+1),12:51,K-Ashtami till 17:20; K-Navami (past next sunrise),Magha till 21:52; Purva Phalguni (past next sunrise),Indra till 19:25; Vaidhriti (past next sunrise),Kaulava till 17:20; Taitila till 04:23 (+1); Garaja (past next sunrise),Krishna Paksha,Kartika,Jaarde,5,,Plavanga,1949,16:34-18:00,12:16-13:42,15:08-16:34,11:53-12:39
2027-11-22,Monday,06:32,18:00,01:57 (+1),13:33,K-Navami till 15:28; K-Dashami (past next sunrise),Purva Phalguni till 20:43; Uttara Phalguni (past next sunrise),Vaidhriti till 16:43; Vishkambha (past next sunrise),Garaja till 15:28; Vanija till 02:36 (+1); Vishti (past next sunrise),Krishna Paksha,Kartika,Jaarde,6,,Plavanga,1949,07:58-09:24,10:50-12:16,13:42-15:08,11:53-12:39
2027-11-23,Tuesday,06:32,18:01,02:51 (+1),14:14,K-Dashami till 13:45; K-Ekadashi (past next sunrise),Uttara Phalguni till 19:43; Hasta (past next sunrise),Vishkambha till 14:08; Priti (past next sunrise),Vishti till 13:45; Bava till 00:57 (+1); Balava (past next sunrise),Krishna Paksha,Kartika,Jaarde,7,,Plavanga,1949,15:08-16:34,09:24-10:50,12:16-13:42,11:53-12:39
2027-11-24,Wednesday,06:33,18:01,03:45 (+1),14:56,K-Ekadashi till 12:11; K-Dwadashi (past next sunrise),Hasta till 18:53; Chitra (past next sunrise),Priti till 11:40; Ayushman (past next sunrise),Balava till 12:11; Kaulava till 23:29; Taitila (past next sunrise),Krishna Paksha,Kartika,Jaarde,8,,Plavanga,1949,12:17-13:43,07:59-09:25,10:51-12:17,11:54-12:39
2027-11-25,Thursday,06:33,18:01,04:40 (+1),15:40,K-Dwadashi till 10:51; K-Trayodashi (past next sunrise),Chitra till 18:17; Swati (past next sunrise),Ayushman till 09:23; Saubhagya (past next sunrise),Taitila till 10:51; Garaja till 22:17; Vanija (past next sunrise),Krishna Paksha,Kartika,Jaarde,9,,Plavanga,1949,13:43-15:09,06:33-07:59,09:25-10:51,11:54-12:40
2027-11-26,Friday,06:34,18:01,05:37 (+1),16:26,K-Trayodashi till 09:48; K-Chaturdashi (past next sunrise),Swati till 17:59; Vishakha (past next sunrise),Saubhagya till 07:19; Shobhana till 05:32 (+1); Atiganda (past next sunrise),Vanija till 09:48; Vishti till 21:24; Shakuni (past next sunrise),Krishna Paksha,Kartika,Jaarde,10,,Plavanga,1949,10:51-12:17,15:09-16:35,07:59-09:25,11:54-12:40
2027-11-27,Saturday,06:34,18:01,,17:16,K-Chaturdashi till 09:07; K-Amavasya (past next sunrise),Vishakha till 18:05; Anuradha (past next sunrise),Atiganda till 04:06 (+1); Sukarma (past next sunrise),Shakuni till 09:07; Chatushpada till 20:57; Naga (past next sunrise),Krishna Paksha,Kartika,Jaarde,11,,Plavanga,1949,09:26-10:52,13:43-15:09,06:34-08:00,11:55-12:40
2027-11-28,Sunday,06:35,18:01,06:35,18:09,K-Amavasya till 08:54; S-Pratipada (past next sunrise),Anuradha till 18:40; Jyeshtha (past next sunrise),Sukarma till 03:04 (+1); Dhriti (past next sunrise),Naga till 08:54; Kimstughna till 20:59; Bava (past next sunrise),Krishna Paksha,Kartika,Jaarde,12,,Plavanga,1949,16:35-18:01,12:18-13:44,15:09-16:35,11:55-12:41
2027-11-29,Monday,06:35,18:01,07:31,19:03,S-Pratipada till 09:13; S-Dwitiya (past next sunrise),Jyeshtha till 19:47; Mula (past next sunrise),Dhriti till 02:30 (+1); Shula (past next sunrise),Bava till 09:13; Balava till 21:36; Kaulava (past next sunrise),Shukla Paksha,Margashira,Jaarde,13,,Plavanga,1949,08:01-09:27,10:52-12:18,13:44-15:10,11:55-12:41
2027-11-30,Tuesday,06:36,18:01,08:25,19:58,S-Dwitiya till 10:08; S-Tritiya (past next sunrise),Mula till 21:29; Purva Ashadha (past next sunrise),Shula till 02:22 (+1); Ganda (past next sunrise),Kaulava till 10:08; Taitila till 22:49; Garaja (past next sunrise),Shukla Paksha,Margashira,Jaarde,14,,Plavanga,1949,15:10-16:36,09:27-10:53,12:19-13:44,11:56-12:41
2027-12-01,Wednesday,06:36,18:02,09:15,20:51,S-Tritiya till 11:39; S-Chaturthi (past next sunrise),Purva Ashadha till 23:45; Uttara Ashadha (past next sunrise),Ganda till 02:41 (+1); Vriddhi (past next sunrise),Garaja till 11:39; Vanija till 00:38 (+1); Vishti (past next sunrise),Shukla Paksha,Margashira,Jaarde,15,,Plavanga,1949,12:19-13:45,08:02-09:27,10:53-12:19,11:56-12:42
2027-12-02,Thursday,06:37,18:02,10:01,21:42,S-Chaturthi till 13:44; S-Panchami (past next sunrise),Uttara Ashadha till 02:30 (+1); Shravana (past next sunrise),Vriddhi till 03:22 (+1); Dhruva (past next sunrise),Vishti till 13:44; Bava till 02:56 (+1); Balava (past next sunrise),Shukla Paksha,Margashira,Jaarde,16,,Plavanga,1949,13:45-15:11,06:37-08:02,09:28-10:54,11:56-12:42
2027-12-03,Friday,06:37,18:02,10:43,22:31,S-Panchami till 16:13; S-Shashthi (past next sunrise),Shravana till 05:33 (+1); Dhanishta (past next sunrise),Dhruva till 04:17 (+1); Vyaghata (past next sunrise),Balava till 16:13; Kaulava till 05:34 (+1); Taitila (past next sunrise),Shukla Paksha,Margashira,Jaarde,17,,Plavanga,1949,10:54-12:20,15:11-16:36,08:03-09:28,11:57-12:42
2027-12-04,Saturday,06:38,18:02,11:21,23:18,S-Shashthi till 18:56; S-Saptami (past next sunrise),Dhanishta (past next sunrise),Vyaghata till 05:17 (+1); Harshana (past next sunrise),Taitila till 18:56; Garaja (past next sunrise),Shukla Paksha,Margashira,Jaarde,18,,Plavanga,1949,09:29-10:54,13:46-15:11,06:38-08:03,11:57-12:43
2027-12-05,Sunday,06:38,18:03,11:57,00:03 (+1),S-Saptami till 21:37; S-Ashtami (past next sunrise),Dhanishta till 08:41; Shatabhisha (past next sunrise),Harshana till 06:10 (+1); Vajra (past next sunrise),Garaja till 08:18; Vanija till 21:37; Vishti (past next sunrise),Shukla Paksha,Margashira,Jaarde,19,,Plavanga,1949,16:37-18:03,12:20-13:46,15:12-16:37,11:58-12:43
2027-12-06,Monday,06:39,18:03,12:32,00:48 (+1),S-Ashtami till 00:00 (+1); S-Navami (past next sunrise),Shatabhisha till 11:40; Purva Bhadrapada (past next sunrise),Vajra (past next sunrise),Vishti till 10:52; Bava till 00:00 (+1); Balava (past next sunrise),Shukla Paksha,Margashira,Jaarde,20,,Plavanga,1949,08:04-09:30,10:55-12:21,13:46-15:12,11:58-12:44
2027-12-07,Tuesday,06:39,18:03,13:07,01:34 (+1),S-Navami till 01:51 (+1); S-Dashami (past next sunrise),Purva Bhadrapada till 14:15; Uttara Bhadrapada (past next sunrise),Vajra till 06:47; Siddhi (past next sunrise),Balava till 13:00; Kaulava till 01:51 (+1); Taitila (past next sunrise),Shukla Paksha,Margashira,Jaarde,21,,Plavanga,1949,15:12-16:38,09:30-10:56,12:21-13:47,11:59-12:44
2027-12-08,Wednesday,06:40,18:04,13:43,02:22 (+1),S-Dashami till 02:59 (+1); S-Ekadashi (past next sunrise),Uttara Bhadrapada till 16:13; Revati (past next sunrise),Siddhi till 06:57; Vyatipata till 06:35 (+1); Variyan (past next sunrise),Taitila till 14:31; Garaja till 02:59 (+1); Vanija (past next sunrise),Shukla Paksha,Margashira,Jaarde,22,,Plavanga,1949,12:22-13:47,08:05-09:31,10:56-12:22,11:59-12:45
2027-12-09,Thursday,06:40,18:04,14:22,03:13 (+1),S-Ekadashi till 03:20 (+1); S-Dwadashi (past next sunrise),Revati till 17:27; Ashwini (past next sunrise),Variyan till 05:35 (+1); Parigha (past next sunrise),Vanija till 15:16; Vishti till 03:20 (+1); Bava (past next sunrise),Shukla Paksha,Margashira,Jaarde,23,,Plavanga,1949,13:48-15:13,06:40-08:06,09:31-10:57,11:59-12:45
2027-12-10,Friday,06:41,18:04,15:05,04:08 (+1),S-Dwadashi till 02:53 (+1); S-Trayodashi (past next sunrise),Ashwini till 17:54; Bharani (past next sunrise),Parigha till 03:59 (+1); Shiva (past next sunrise),Bava till 15:12; Balava till 02:53 (+1); Kaulava (past next sunrise),Shukla Paksha,Margashira,Jaarde,24,,Plavanga,1949,10:57-12:23,15:13-16:39,08:06-09:32,12:00-12:45
2027-12-11,Saturday,06:42,18:05,15:53,05:08 (+1),S-Trayodashi till 01:43 (+1); S-Chaturdashi (past next sunrise),Bharani till 17:38; Krittika (past next sunrise),Shiva till 01:49 (+1); Siddha (past next sunrise),Kaulava till 14:23; Taitila till 01:43 (+1); Garaja (past next sunrise),Shukla Paksha,Margashira,Jaarde,25,,Plavanga,1949,09:32-10:58,13:48-15:14,06:42-08:07,12:00-12:46
2027-12-12,Sunday,06:42,18:05,16:48,06:10 (+1),S-Chaturdashi till 23:55; S-Purnima (past next sunrise),Krittika till 16:42; Rohini (past next sunrise),Siddha till 23:09; Sadhya (past next sunrise),Garaja till 12:53; Vanija till 23:55; Vishti (past next sunrise),Shukla Paksha,Margashira,Jaarde,26,,Plavanga,1949,16:40-18:05,12:24-13:49,15:14-16:40,12:01-12:46
2027-12-13,Monday,06:43,18:05,17:48,,S-Purnima till 21:38; K-Pratipada (past next sunrise),Rohini till 15:15; Mrigashira (past next sunrise),Sadhya till 20:06; Shubha (past next sunrise),Vishti till 10:50; Bava till 21:38; Balava (past next sunrise),Shukla Paksha,Margashira,Jaarde,27,,Plavanga,1949,08:08-09:33,10:59-12:24,13:49-15:15,12:01-12:47
2027-12-14,Tuesday,06:43,18:06,18:52,07:13,K-Pratipada till 19:01; K-Dwitiya (past next sunrise),Mrigashira till 13:25; Ardra (past next sunrise),Shubha till 16:46; Shukla (past next sunrise),Balava till 08:22; Kaulava till 19:01; Taitila till 05:38 (+1); Garaja (past next sunrise),Krishna Paksha,Margashira,Jaarde,28,,Plavanga,1949,15:15-16:40,09:34-10:59,12:24-13:50,12:02-12:47
2027-12-15,Wednesday,06:44,18:06,19:57,08:14,K-Dwitiya till 16:13; K-Tritiya (past next sunrise),Ardra till 11:21; Punarvasu (past next sunrise),Shukla till 13:15; Brahma (past next sunrise),Garaja till 16:13; Vanija till 02:47 (+1); Vishti (past next sunrise),Krishna Paksha,Margashira,Jaarde,29,,Plavanga,1949,12:25-13:50,08:09-09:34,11:00-12:25,12:02-12:48
2027-12-16,Thursday,06:44,18:07,21:01,09:10,K-Tritiya till 13:22; K-Chaturthi (past next sunrise),Punarvasu till 09:13; Pushya (past next sunrise),Brahma till 09:42; Indra till 06:11 (+1); Vaidhriti (past next sunrise),Vishti till 13:22; Bava till 23:57; Balava (past next sunrise),Krishna Paksha,Margashira,Perarde,1,Dhanu 16:38,Plavanga,1949,13:51-15:16,06:44-08:10,09:35-11:00,12:03-12:48
2027-12-17,Friday,06:45,18:07,22:01,10:02,K-Chaturthi till 10:34; K-Panchami (past next sunrise),Pushya till 07:07; Ashlesha till 05:11 (+1); Magha (past next sunrise),Vaidhriti till 02:47 (+1); Vishkambha (past next sunrise),Balava till 10:34; Kaulava till 21:14; Taitila (past next sunrise),Krishna Paksha,Margashira,Perarde,2,,Plavanga,1949,11:01-12:26,15:16-16:42,08:10-09:35,12:03-12:49
2027-12-18,Saturday,06:45,18:08,22:59,10:49,K-Panchami till 07:58; K-Shashthi till 05:36 (+1); K-Saptami (past next sunrise),Magha till 03:30 (+1); Purva Phalguni (past next sunrise),Vishkambha till 23:35; Priti (past next sunrise),Taitila till 07:58; Garaja till 18:45; Vanija till 05:36 (+1); Vishti (past next sunrise),Krishna Paksha,Margashira,Perarde,3,,Plavanga,1949,09:36-11:01,13:52-15:17,06:45-08:11,12:04-12:49
2027-12-19,Sunday,06:46,18:08,23:53,11:32,K-Saptami till 03:34 (+1); K-Ashtami (past next sunrise),Purva Phalguni till 02:07 (+1); Uttara Phalguni (past next sunrise),Priti till 20:37; Ayushman (past next sunrise),Vishti till 16:33; Bava till 03:34 (+1); Balava (past next sunrise),Krishna Paksha,Margashira,Perarde,4,,Plavanga,1949,16:43-18:08,12:27-13:52,15:17-16:43,12:04-12:50
2027-12-20,Monday,06:46,18:08,00:47 (+1),12:14,K-Ashtami till 01:53 (+1); K-Navami (past next sunrise),Uttara Phalguni till 01:05 (+1); Hasta (past next sunrise),Ayushman till 17:56; Saubhagya (past next sunrise),Balava till 14:41; Kaulava till 01:53 (+1); Taitila (past next sunrise),Krishna Paksha,Margashira,Perarde,5,,Plavanga,1949,08:12-09:37,11:02-12:27,13:53-15:18,12:05-12:50
2027-12-21,Tuesday,06:47,18:09,01:41 (+1),12:56,K-Navami till 00:35 (+1); K-Dashami (past next sunrise),Hasta till 00:25 (+1); Chitra (past next sunrise),Saubhagya till 15:33; Shobhana (past next sunrise),Taitila till 13:11; Garaja till 00:35 (+1); Vanija (past next sunrise),Krishna Paksha,Margashira,Perarde,6,,Plavanga,1949,15:18-16:44,09:37-11:03,12:28-13:53,12:05-12:51
2027-12-22,Wednesday,06:47,18:09,02:35 (+1),13:38,K-Dashami till 23:41; K-Ekadashi (past next sunrise),Chitra till 00:09 (+1); Swati (past next sunrise),Shobhana till 13:28; Atiganda (past next sunrise),Vanija till 12:05; Vishti till 23:41; Bava (past next sunrise),Krishna Paksha,Margashira,Perarde,7,,Plavanga,1949,12:28-13:54,08:13-09:38,11:03-12:28,12:06-12:51
2027-12-23,Thursday,06:48,18:10,03:30 (+1),14:23,K-Ekadashi till 23:12; K-Dwadashi (past next sunrise),Swati till 00:17 (+1); Vishakha (past next sunrise),Atiganda till 11:43; Sukarma (past next sunrise),Bava till 11:23; Balava till 23:12; Kaulava (past next sunrise),Krishna Paksha,Margashira,Perarde,8,,Plavanga,1949,13:54-15:19,06:48-08:13,09:38-11:04,12:06-12:52
2027-12-24,Friday,06:48,18:10,04:27 (+1),15:11,K-Dwadashi till 23:08; K-Trayodashi (past next sunrise),Vishakha till 00:50 (+1); Anuradha (past next sunrise),Sukarma till 10:17; Dhriti (past next sunrise),Kaulava till 11:07; Taitila till 23:08; Garaja (past next sunrise),Krishna Paksha,Margashira,Perarde,9,,Plavanga,1949,11:04-12:29,15:20-16:45,08:14-09:39,12:07-12:52
2027-12-25,Saturday,06:49,18:11,05:23 (+1),16:01,K-Trayodashi till 23:32; K-Chaturdashi (past next sunrise),Anuradha till 01:49 (+1); Jyeshtha (past next sunrise),Dhriti till 09:12; Shula (past next sunrise),Garaja till 11:17; Vanija till 23:32; Vishti (past next sunrise),Krishna Paksha,Margashira,Perarde,10,,Plavanga,1949,09:39-11:05,13:55-15:20,06:49-08:14,12:07-12:53
2027-12-26,Sunday,06:49,18:12,06:17 (+1),16:54,K-Chaturdashi till 00:23 (+1); K-Amavasya (past next sunrise),Jyeshtha till 03:14 (+1); Mula (past next sunrise),Shula till 08:27; Ganda (past next sunrise),Vishti till 11:54; Shakuni till 00:23 (+1); Chatushpada (past next sunrise),Krishna Paksha,Margashira,Perarde,11,,Plavanga,1949,16:46-18:12,12:30-13:56,15:21-16:46,12:08-12:53
2027-12-27,Monday,06:50,18:12,,17:49,K-Amavasya till 01:42 (+1); S-Pratipada (past next sunrise),Mula till 05:07 (+1); Purva Ashadha (past next sunrise),Ganda till 08:03; Vriddhi (past next sunrise),Chatushpada till 12:59; Naga till 01:42 (+1); Kimstughna (past next sunrise),Krishna Paksha,Margashira,Perarde,12,,Plavanga,1949,08:15-09:40,11:06-12:31,13:56-15:21,12:08-12:54
2027-12-28,Tuesday,06:50,18:13,07:08,18:43,S-Pratipada till 03:28 (+1); S-Dwitiya (past next sunrise),Purva Ashadha (past next sunrise),Vriddhi till 08:01; Dhruva (past next sunrise),Kimstughna till 14:32; Bava till 03:28 (+1); Balava (past next sunrise),Shukla Paksha,Pushya,Perarde,13,,Plavanga,1949,15:22-16:47,09:41-11:06,12:31-13:57,12:09-12:54
2027-12-29,Wednesday,06:51,18:13,07:56,19:35,S-Dwitiya till 05:40 (+1); S-Tritiya (past next sunrise),Purva Ashadha till 07:25; Uttara Ashadha (past next sunrise),Dhruva till 08:18; Vyaghata (past next sunrise),Balava till 16:31; Kaulava till 05:40 (+1); Taitila (past next sunrise),Shukla Paksha,Pushya,Perarde,14,,Plavanga,1949,12:32-13:57,08:16-09:41,11:07-12:32,12:09-12:55
2027-12-30,Thursday,06:51,18:14,08:39,20:24,S-Tritiya (past next sunrise),Uttara Ashadha till 10:07; Shravana (past next sunrise),Vyaghata till 08:54; Harshana (past next sunrise),Taitila till 18:54; Garaja (past next sunrise),Shukla Paksha,Pushya,Perarde,15,,Plavanga,1949,13:58-15:23,06:51-08:16,09:42-11:07,12:10-12:55
2027-12-31,Friday,06:51,18:14,09:18,21:12,S-Tritiya till 08:12; S-Chaturthi (past next sunrise),Shravana till 13:06; Dhanishta (past next sunrise),Harshana till 09:44; Vajra (past next sunrise),Garaja till 08:12; Vanija till 21:33; Vishti (past next sunrise),Shukla Paksha,Pushya,Perarde,16,,Plavanga,1949,11:08-12:33,15:24-16:49,08:17-09:42,12:10-12:56
